"","latitude","longitude","ocean_prd"
"1",-13.5,117.5,287.04156712963
"2",-13.5,118.5,280.158877314815
"3",-13.5,119.5,264.229694444444
"4",-13.5,120.5,259.28024537037
"5",-13.5,121.5,280.327782407407
"6",-13.5,122.5,274.315905092593
"7",-13.5,123.5,296.351155092593
"8",-13.5,124.5,396.5115625
"9",-13.5,125.5,701.438194444444
"10",-13.5,126.5,1011.91192528736
"11",-12.5,113.5,305.7366875
"12",-12.5,114.5,312.335881944444
"13",-12.5,115.5,307.961428240741
"14",-12.5,116.5,310.570210648148
"15",-12.5,117.5,308.384046296296
"16",-12.5,118.5,295.767756944444
"17",-12.5,119.5,291.888344907407
"18",-12.5,120.5,292.100138888889
"19",-12.5,121.5,289.237699074074
"20",-12.5,122.5,290.335115740741
"21",-12.5,123.5,337.274534722222
"22",-12.5,124.5,369.008090277778
"23",-12.5,125.5,472.768962962963
"24",-12.5,126.5,635.614981481481
"25",-12.5,127.5,624.37150462963
"26",-12.5,139.5,548.947444444444
"27",-12.5,140.5,617.35668287037
"28",-12.5,141.5,924.082368589744
"29",-11.5,106.5,296.403354166667
"30",-11.5,107.5,300.886032407407
"31",-11.5,108.5,306.64694212963
"32",-11.5,109.5,309.443673611111
"33",-11.5,110.5,321.575877314815
"34",-11.5,111.5,330.915810185185
"35",-11.5,112.5,341.321
"36",-11.5,113.5,335.618685185185
"37",-11.5,114.5,334.73537037037
"38",-11.5,115.5,334.413337962963
"39",-11.5,116.5,339.264018518519
"40",-11.5,117.5,353.824703703704
"41",-11.5,118.5,369.259087962963
"42",-11.5,119.5,368.967236111111
"43",-11.5,120.5,377.72818287037
"44",-11.5,121.5,387.819134259259
"45",-11.5,122.5,383.14905787037
"46",-11.5,123.5,348.047675925926
"47",-11.5,124.5,353.026645833333
"48",-11.5,125.5,365.934634259259
"49",-11.5,126.5,461.235606481481
"50",-11.5,127.5,530.49287962963
"51",-11.5,128.5,724.259173611111
"52",-11.5,129.5,841.264951388889
"53",-11.5,130.5,1274.87252222222
"54",-11.5,131.5,1442.54026587302
"55",-11.5,132.5,1510.03150063131
"56",-11.5,133.5,1215.10364309764
"57",-11.5,135.5,1054.6583995098
"58",-11.5,136.5,1045.81324479167
"59",-11.5,137.5,667.448761574074
"60",-11.5,138.5,684.958423611111
"61",-11.5,139.5,671.9695
"62",-11.5,140.5,676.333298611111
"63",-11.5,141.5,877.416761574074
"64",-10.5,103.5,270.269564814815
"65",-10.5,104.5,278.852650462963
"66",-10.5,105.5,288.739615740741
"67",-10.5,106.5,299.492449074074
"68",-10.5,107.5,307.29574537037
"69",-10.5,108.5,317.839787037037
"70",-10.5,109.5,326.881027777778
"71",-10.5,110.5,338.893479166667
"72",-10.5,111.5,378.378819444444
"73",-10.5,112.5,397.499699074074
"74",-10.5,113.5,425.690365740741
"75",-10.5,114.5,449.444553240741
"76",-10.5,115.5,397.955555555556
"77",-10.5,116.5,384.298680555556
"78",-10.5,117.5,418.553467592593
"79",-10.5,118.5,459.8085625
"80",-10.5,119.5,525.639053240741
"81",-10.5,120.5,627.131119047619
"82",-10.5,121.5,553.41114047619
"83",-10.5,122.5,571.024463235294
"84",-10.5,123.5,554.319746666667
"85",-10.5,124.5,408.447194444444
"86",-10.5,125.5,339.408949074074
"87",-10.5,126.5,372.696462962963
"88",-10.5,127.5,465.170372685185
"89",-10.5,128.5,583.097615740741
"90",-10.5,129.5,670.362555555556
"91",-10.5,130.5,621.670407407407
"92",-10.5,131.5,607.388912037037
"93",-10.5,132.5,704.169803240741
"94",-10.5,133.5,619.970039351852
"95",-10.5,134.5,738.336893518519
"96",-10.5,135.5,709.660671296296
"97",-10.5,136.5,678.085634259259
"98",-10.5,137.5,704.658717592593
"99",-10.5,138.5,776.088319444444
"100",-10.5,139.5,750.399914351852
"101",-10.5,140.5,754.782449074074
"102",-10.5,141.5,785.556701388889
"103",-9.5,102.5,275.999118055556
"104",-9.5,103.5,280.219583333333
"105",-9.5,104.5,294.692574074074
"106",-9.5,105.5,307.103965277778
"107",-9.5,106.5,322.151108796296
"108",-9.5,107.5,334.190912037037
"109",-9.5,108.5,341.472650462963
"110",-9.5,109.5,368.461483796296
"111",-9.5,110.5,391.307643518518
"112",-9.5,111.5,440.082590277778
"113",-9.5,112.5,487.291569444444
"114",-9.5,113.5,538.06962037037
"115",-9.5,114.5,706.807939814815
"116",-9.5,115.5,612.687041666667
"117",-9.5,116.5,565.09115952381
"118",-9.5,117.5,552.387311904762
"119",-9.5,118.5,605.019113425926
"120",-9.5,119.5,657.1126
"121",-9.5,120.5,544.364663461538
"122",-9.5,121.5,501.18580787037
"123",-9.5,122.5,539.587796296296
"124",-9.5,123.5,634.936473214286
"125",-9.5,124.5,633.85945
"126",-9.5,125.5,378.076951923077
"127",-9.5,126.5,376.407215277778
"128",-9.5,127.5,387.419898148148
"129",-9.5,128.5,414.008414351852
"130",-9.5,129.5,424.117893518519
"131",-9.5,130.5,425.913261574074
"132",-9.5,131.5,433.624305555556
"133",-9.5,132.5,452.749958333333
"134",-9.5,133.5,483.105240740741
"135",-9.5,134.5,557.542715277778
"136",-9.5,135.5,609.327560185185
"137",-9.5,136.5,756.135043981481
"138",-9.5,137.5,852.635993055556
"139",-9.5,138.5,797.431761574074
"140",-9.5,139.5,827.347949074074
"141",-9.5,140.5,1040.40484047619
"142",-9.5,141.5,1309.8214
"143",-8.5,99.5,254.496708333333
"144",-8.5,100.5,271.171844907407
"145",-8.5,101.5,281.829574074074
"146",-8.5,102.5,292.184189814815
"147",-8.5,103.5,307.953641203704
"148",-8.5,104.5,319.214837962963
"149",-8.5,105.5,349.097833333333
"150",-8.5,106.5,407.808578703704
"151",-8.5,107.5,459.000865740741
"152",-8.5,108.5,476.643219907407
"153",-8.5,109.5,521.849365740741
"154",-8.5,110.5,623.586389880952
"155",-8.5,111.5,758.428206521739
"156",-8.5,112.5,798.101525
"157",-8.5,113.5,983.18962037037
"158",-8.5,114.5,1050.96869907407
"159",-8.5,115.5,551.812050724638
"160",-8.5,116.5,484.126200980392
"161",-8.5,117.5,519.830177777778
"162",-8.5,118.5,613.444955882353
"163",-8.5,119.5,582.42191
"164",-8.5,120.5,556.984196078431
"165",-8.5,121.5,466.222908730159
"166",-8.5,122.5,461.791125
"167",-8.5,123.5,649.993916666667
"168",-8.5,124.5,599.335887820513
"169",-8.5,125.5,508.324841269841
"170",-8.5,126.5,502.739853174603
"171",-8.5,127.5,435.458623655914
"172",-8.5,128.5,441.843578431373
"173",-8.5,129.5,421.306607843137
"174",-8.5,130.5,487.027113425926
"175",-8.5,131.5,482.749610294118
"176",-8.5,132.5,493.923155092593
"177",-8.5,133.5,500.939449074074
"178",-8.5,134.5,596.509488425926
"179",-8.5,135.5,897.684497685185
"180",-8.5,136.5,1304.28720601852
"181",-8.5,137.5,1594.90694623656
"182",-8.5,138.5,1318.73347288676
"183",-8.5,139.5,1348.10693333333
"184",-8.5,140.5,1401.68569166667
"185",-7.5,99.5,268.439643518518
"186",-7.5,100.5,298.868969907407
"187",-7.5,101.5,317.069039351852
"188",-7.5,102.5,324.117502314815
"189",-7.5,103.5,369.023032407407
"190",-7.5,104.5,414.748097222222
"191",-7.5,105.5,499.136388888889
"192",-7.5,106.5,709.423773268398
"193",-7.5,107.5,940.350670833333
"194",-7.5,108.5,1289.51350631313
"195",-7.5,109.5,1538.57649242424
"196",-7.5,110.5,1821.29408333333
"197",-7.5,112.5,2386.66079545455
"198",-7.5,113.5,1000.67744107744
"199",-7.5,114.5,535.691580357143
"200",-7.5,115.5,469.926724537037
"201",-7.5,116.5,430.646143518518
"202",-7.5,117.5,470.119662037037
"203",-7.5,118.5,462.382564814815
"204",-7.5,119.5,424.670599537037
"205",-7.5,120.5,426.507236111111
"206",-7.5,121.5,411.188849537037
"207",-7.5,122.5,369.678615740741
"208",-7.5,123.5,407.127048611111
"209",-7.5,124.5,425.979717592593
"210",-7.5,125.5,420.289004901961
"211",-7.5,126.5,479.169981182796
"212",-7.5,127.5,464.128907407407
"213",-7.5,128.5,455.491257142857
"214",-7.5,129.5,451.672906862745
"215",-7.5,130.5,483.621298611111
"216",-7.5,131.5,578.482075396825
"217",-7.5,132.5,593.467854166667
"218",-7.5,133.5,908.141516203704
"219",-7.5,134.5,1104.94227314815
"220",-7.5,135.5,1114.07544444444
"221",-7.5,136.5,1530.46709027778
"222",-7.5,137.5,1972.43297619048
"223",-7.5,138.5,2293.50703703704
"224",-7.5,139.5,NA
"225",-6.5,98.5,263.430611111111
"226",-6.5,99.5,279.530275462963
"227",-6.5,100.5,306.910354166667
"228",-6.5,101.5,333.310835648148
"229",-6.5,102.5,380.824469907407
"230",-6.5,103.5,460.057162037037
"231",-6.5,104.5,567.812127314815
"232",-6.5,105.5,725.180018997669
"233",-6.5,106.5,712.872888888889
"234",-6.5,107.5,1196.75170833333
"235",-6.5,108.5,1018.57214912281
"236",-6.5,109.5,673.345794444444
"237",-6.5,110.5,706.765621527778
"238",-6.5,111.5,720.101177083333
"239",-6.5,112.5,629.015709677419
"240",-6.5,113.5,522.678866666667
"241",-6.5,114.5,501.198837962963
"242",-6.5,115.5,474.774323232323
"243",-6.5,116.5,442.550039351852
"244",-6.5,117.5,462.191071759259
"245",-6.5,118.5,578.684708333333
"246",-6.5,119.5,551.795284722222
"247",-6.5,120.5,486.531408333333
"248",-6.5,121.5,457.921576388889
"249",-6.5,122.5,407.492976851852
"250",-6.5,123.5,414.840979166667
"251",-6.5,124.5,418.466293981481
"252",-6.5,125.5,418.258875
"253",-6.5,126.5,432.774613425926
"254",-6.5,127.5,440.091023148148
"255",-6.5,128.5,457.527766203704
"256",-6.5,129.5,490.464592592593
"257",-6.5,130.5,499.742518518519
"258",-6.5,131.5,572.707364285714
"259",-6.5,132.5,659.2125625
"260",-6.5,133.5,731.090407407407
"261",-6.5,134.5,1481.71964393939
"262",-6.5,135.5,1241.72182407407
"263",-6.5,136.5,1377.48190046296
"264",-6.5,137.5,1874.04610416667
"265",-6.5,138.5,2463.03384259259
"266",-6.5,139.5,NA
"267",-5.5,97.5,237.982715277778
"268",-5.5,98.5,241.565435185185
"269",-5.5,99.5,255.705439814815
"270",-5.5,100.5,277.689925925926
"271",-5.5,101.5,299.975291666667
"272",-5.5,102.5,352.05584047619
"273",-5.5,103.5,421.376287878788
"274",-5.5,104.5,614.405558333333
"275",-5.5,105.5,979.011708333333
"276",-5.5,106.5,873.947525541126
"277",-5.5,107.5,683.912412037037
"278",-5.5,108.5,550.699071759259
"279",-5.5,109.5,488.905935185185
"280",-5.5,110.5,491.538564814815
"281",-5.5,111.5,480.093898148148
"282",-5.5,112.5,511.855219907407
"283",-5.5,113.5,569.943196759259
"284",-5.5,114.5,589.625789351852
"285",-5.5,115.5,519.348923611111
"286",-5.5,116.5,501.506087962963
"287",-5.5,117.5,519.362347222222
"288",-5.5,118.5,535.846819444444
"289",-5.5,119.5,918.56023015873
"290",-5.5,120.5,474.319386904762
"291",-5.5,121.5,401.453852941176
"292",-5.5,122.5,609.643409090909
"293",-5.5,123.5,508.936766129032
"294",-5.5,124.5,431.344726851852
"295",-5.5,125.5,417.571856481481
"296",-5.5,126.5,412.477328703704
"297",-5.5,127.5,440.944645833333
"298",-5.5,128.5,461.830854166667
"299",-5.5,129.5,491.633483796296
"300",-5.5,130.5,529.16344212963
"301",-5.5,131.5,591.651800925926
"302",-5.5,132.5,656.647443655303
"303",-5.5,133.5,603.657506060606
"304",-5.5,134.5,976.729596153846
"305",-5.5,135.5,985.994060185185
"306",-5.5,136.5,1334.9778912037
"307",-5.5,137.5,2077.45537356322
"308",-5.5,138.5,2749.60083333333
"309",-4.5,96.5,222.640805555556
"310",-4.5,97.5,228.149150462963
"311",-4.5,98.5,242.602712962963
"312",-4.5,99.5,263.534752314815
"313",-4.5,100.5,300.82412037037
"314",-4.5,101.5,347.937122685185
"315",-4.5,102.5,505.700947222222
"316",-4.5,103.5,688.193623333333
"317",-4.5,105.5,1726.28572222222
"318",-4.5,106.5,1010.82098611111
"319",-4.5,107.5,670.897280092593
"320",-4.5,108.5,568.461506944444
"321",-4.5,109.5,568.1680625
"322",-4.5,110.5,620.2095
"323",-4.5,111.5,616.183611111111
"324",-4.5,112.5,683.4388125
"325",-4.5,113.5,776.322810185185
"326",-4.5,114.5,1006.99816406926
"327",-4.5,115.5,867.167782407407
"328",-4.5,116.5,665.494664351852
"329",-4.5,117.5,491.926453703704
"330",-4.5,118.5,411.322078703704
"331",-4.5,119.5,606.3195
"332",-4.5,120.5,579.553809027778
"333",-4.5,121.5,400.910561403509
"334",-4.5,122.5,1210.9385952381
"335",-4.5,123.5,394.558798387097
"336",-4.5,124.5,414.741155092593
"337",-4.5,125.5,458.198083333333
"338",-4.5,126.5,472.762530092593
"339",-4.5,127.5,508.227199074074
"340",-4.5,128.5,487.559270833333
"341",-4.5,129.5,453.79469212963
"342",-4.5,130.5,531.756946759259
"343",-4.5,131.5,614.69455021645
"344",-4.5,132.5,615.848449074074
"345",-4.5,133.5,689.671522058823
"346",-4.5,134.5,797.374508953168
"347",-4.5,135.5,1215.71722451791
"348",-4.5,136.5,1752.88530627706
"349",-4.5,137.5,NA
"350",-3.5,95.5,229.06255787037
"351",-3.5,96.5,233.755465277778
"352",-3.5,97.5,247.487398148148
"353",-3.5,98.5,265.137226851852
"354",-3.5,99.5,294.160780092593
"355",-3.5,100.5,365.903577134986
"356",-3.5,101.5,573.955492676768
"357",-3.5,102.5,1031.32158333333
"358",-3.5,105.5,2214.68486111111
"359",-3.5,106.5,1139.82541406926
"360",-3.5,107.5,726.581065656566
"361",-3.5,108.5,647.168602941176
"362",-3.5,109.5,788.106784722222
"363",-3.5,110.5,1412.02785416667
"364",-3.5,111.5,1516.73009090909
"365",-3.5,112.5,1652.43033964646
"366",-3.5,113.5,1923.65983
"367",-3.5,114.5,2129.37737140637
"368",-3.5,115.5,1420.42819047619
"369",-3.5,116.5,918.478544871795
"370",-3.5,117.5,531.333719907407
"371",-3.5,118.5,435.907858585859
"372",-3.5,119.5,667.400833333333
"373",-3.5,120.5,523.325153333333
"374",-3.5,121.5,462.712645833333
"375",-3.5,122.5,535.803004385965
"376",-3.5,123.5,383.255173809524
"377",-3.5,124.5,380.483865740741
"378",-3.5,125.5,453.527824074074
"379",-3.5,126.5,636.154427272727
"380",-3.5,127.5,616.601609195402
"381",-3.5,128.5,624.843993620415
"382",-3.5,129.5,548.547986570248
"383",-3.5,130.5,574.670922348485
"384",-3.5,131.5,541.503654761905
"385",-3.5,132.5,599.991630434783
"386",-3.5,133.5,1266.20551666667
"387",-3.5,134.5,694.606291666667
"388",-3.5,135.5,565.15744047619
"389",-2.5,95.5,241.423733796296
"390",-2.5,96.5,249.422155092593
"391",-2.5,97.5,269.114273148148
"392",-2.5,98.5,295.881743055556
"393",-2.5,99.5,335.031071354167
"394",-2.5,100.5,436.898158585859
"395",-2.5,101.5,780.823833333333
"396",-2.5,104.5,NA
"397",-2.5,105.5,1809.25670833333
"398",-2.5,106.5,819.097387301587
"399",-2.5,107.5,580.934794642857
"400",-2.5,108.5,613.8162265625
"401",-2.5,109.5,1035.802125
"402",-2.5,110.5,2050.79238888889
"403",-2.5,111.5,NA
"404",-2.5,113.5,NA
"405",-2.5,116.5,1044.92691269841
"406",-2.5,117.5,538.364668981481
"407",-2.5,118.5,399.238558823529
"408",-2.5,119.5,672.020083333333
"409",-2.5,120.5,712.556430555556
"410",-2.5,121.5,627.046666666667
"411",-2.5,122.5,353.200636363636
"412",-2.5,123.5,405.897835784314
"413",-2.5,124.5,373.626252380952
"414",-2.5,125.5,393.592323529412
"415",-2.5,126.5,463.674465277778
"416",-2.5,127.5,507.103814814815
"417",-2.5,128.5,448.54736827957
"418",-2.5,129.5,513.734067204301
"419",-2.5,130.5,545.296063888889
"420",-2.5,131.5,780.9279375
"421",-2.5,132.5,1641.58169444444
"422",-2.5,133.5,2411.64133333333
"423",-2.5,134.5,427.009618421053
"424",-2.5,135.5,431.623100490196
"425",-2.5,136.5,874.405076923077
"426",-2.5,137.5,2663.39833333333
"427",-2.5,139.5,880.923
"428",-2.5,140.5,519.615
"429",-2.5,141.5,479.901209770115
"430",-1.5,94.5,229.524166666667
"431",-1.5,95.5,251.243532407407
"432",-1.5,96.5,269.252553240741
"433",-1.5,97.5,288.820962962963
"434",-1.5,98.5,343.070557471264
"435",-1.5,99.5,370.58133045977
"436",-1.5,100.5,429.62651754386
"437",-1.5,104.5,1765.88086265432
"438",-1.5,105.5,910.080600694444
"439",-1.5,106.5,593.690542857143
"440",-1.5,107.5,526.990349537037
"441",-1.5,108.5,729.175055555556
"442",-1.5,109.5,1856.77750520833
"443",-1.5,110.5,NA
"444",-1.5,116.5,1399.36713194444
"445",-1.5,117.5,624.286291666667
"446",-1.5,118.5,371.70656712963
"447",-1.5,119.5,516.82475
"448",-1.5,120.5,319.541861111111
"449",-1.5,121.5,350.648645833333
"450",-1.5,122.5,372.754636666667
"451",-1.5,123.5,574.782525862069
"452",-1.5,124.5,521.069294642857
"453",-1.5,125.5,473.626580555556
"454",-1.5,126.5,504.716166666667
"455",-1.5,127.5,524.44871
"456",-1.5,128.5,472.076409313725
"457",-1.5,129.5,605.185818627451
"458",-1.5,130.5,902.720365757576
"459",-1.5,131.5,1442.28130882353
"460",-1.5,132.5,NA
"461",-1.5,134.5,385.725711309524
"462",-1.5,135.5,369.985525641026
"463",-1.5,136.5,446.892156004489
"464",-1.5,137.5,876.158434027778
"465",-1.5,138.5,869.388973214286
"466",-1.5,139.5,490.443546296296
"467",-1.5,140.5,388.837546296296
"468",-1.5,141.5,356.96493287037
"469",-0.5,93.5,234.611405092593
"470",-0.5,94.5,240.05824537037
"471",-0.5,95.5,256.733578703704
"472",-0.5,96.5,283.514050925926
"473",-0.5,97.5,316.422391203704
"474",-0.5,98.5,395.839724573864
"475",-0.5,99.5,447.512645833333
"476",-0.5,100.5,571.079805555556
"477",-0.5,103.5,2203.34419270833
"478",-0.5,104.5,1393.15355944865
"479",-0.5,105.5,644.682712962963
"480",-0.5,106.5,501.951965277778
"481",-0.5,107.5,528.954337962963
"482",-0.5,108.5,1095.81958333333
"483",-0.5,109.5,2787.7417037037
"484",-0.5,117.5,1114.91655392157
"485",-0.5,118.5,401.304377314815
"486",-0.5,119.5,367.069458333333
"487",-0.5,120.5,293.102040322581
"488",-0.5,121.5,301.966520123106
"489",-0.5,122.5,344.504121794872
"490",-0.5,123.5,505.4916
"491",-0.5,124.5,478.339212962963
"492",-0.5,125.5,431.886956018519
"493",-0.5,126.5,500.787511574074
"494",-0.5,127.5,520.420924603175
"495",-0.5,128.5,427.079808823529
"496",-0.5,129.5,511.152433333333
"497",-0.5,130.5,573.010238095238
"498",-0.5,131.5,416.418223484849
"499",-0.5,132.5,365.277852564103
"500",-0.5,133.5,352.701949275362
"501",-0.5,134.5,338.180050505051
"502",-0.5,135.5,334.510612658847
"503",-0.5,136.5,330.895361904762
"504",-0.5,137.5,330.288861111111
"505",-0.5,138.5,352.782826388889
"506",-0.5,139.5,324.688215277778
"507",-0.5,140.5,312.184048611111
"508",-0.5,141.5,300.186712962963
"509",0.5,92.5,230.612944444444
"510",0.5,93.5,233.674798611111
"511",0.5,94.5,242.725263888889
"512",0.5,95.5,263.900083333333
"513",0.5,96.5,295.266101851852
"514",0.5,97.5,374.781586060606
"515",0.5,98.5,481.190878571429
"516",0.5,99.5,846.990611111111
"517",0.5,102.5,NA
"518",0.5,103.5,1805.04348595849
"519",0.5,104.5,918.812637254902
"520",0.5,105.5,541.321655092593
"521",0.5,106.5,448.997555555556
"522",0.5,107.5,561.172407142857
"523",0.5,108.5,1143.92202696078
"524",0.5,109.5,2990.68725
"525",0.5,117.5,629.150240740741
"526",0.5,118.5,494.868947222222
"527",0.5,119.5,372.404277777778
"528",0.5,120.5,368.363120454545
"529",0.5,121.5,370.963927777778
"530",0.5,122.5,381.038295833333
"531",0.5,123.5,405.739925925926
"532",0.5,124.5,452.377416666667
"533",0.5,125.5,456.552800925926
"534",0.5,126.5,467.123581018519
"535",0.5,127.5,535.046395833333
"536",0.5,128.5,423.396430555556
"537",0.5,129.5,438.991486111111
"538",0.5,130.5,376.373798611111
"539",0.5,131.5,345.062377314815
"540",0.5,132.5,311.453951388889
"541",0.5,133.5,295.572497685185
"542",0.5,134.5,279.61293287037
"543",0.5,135.5,272.272784722222
"544",0.5,136.5,267.184060185185
"545",0.5,137.5,264.965224537037
"546",0.5,138.5,263.648034722222
"547",0.5,139.5,267.193733796296
"548",0.5,140.5,267.794418981481
"549",0.5,141.5,265.752625
"550",1.5,92.5,232.840171296296
"551",1.5,93.5,235.322576388889
"552",1.5,94.5,246.3920625
"553",1.5,95.5,269.280722222222
"554",1.5,96.5,309.52719212963
"555",1.5,97.5,454.524922979798
"556",1.5,98.5,690.681827380952
"557",1.5,100.5,NA
"558",1.5,101.5,2065.74416666667
"559",1.5,102.5,1796.12304807692
"560",1.5,103.5,1778.99754545455
"561",1.5,104.5,871.97757816092
"562",1.5,105.5,415.736900462963
"563",1.5,106.5,393.452590277778
"564",1.5,107.5,437.53150462963
"565",1.5,108.5,803.831155092593
"566",1.5,109.5,1209.47264351852
"567",1.5,110.5,2051.8595625
"568",1.5,111.5,2556.65388888889
"569",1.5,117.5,NA
"570",1.5,118.5,754.575996212121
"571",1.5,119.5,355.254134259259
"572",1.5,120.5,319.178578431373
"573",1.5,121.5,319.514591145833
"574",1.5,122.5,304.637648148148
"575",1.5,123.5,303.597842592593
"576",1.5,124.5,332.014128472222
"577",1.5,125.5,519.04623655914
"578",1.5,126.5,476.980131944444
"579",1.5,127.5,488.667925
"580",1.5,128.5,444.936858024691
"581",1.5,129.5,377.874314814815
"582",1.5,130.5,327.947081018519
"583",1.5,131.5,311.554856481481
"584",1.5,132.5,298.626354166667
"585",1.5,133.5,291.726527777778
"586",1.5,134.5,281.262803240741
"587",1.5,135.5,277.531025462963
"588",1.5,136.5,271.620712962963
"589",1.5,137.5,265.142912037037
"590",1.5,138.5,263.776175925926
"591",1.5,139.5,262.239833333333
"592",1.5,140.5,262.08143287037
"593",2.5,92.5,230.54574537037
"594",2.5,93.5,242.63556712963
"595",2.5,94.5,259.777159722222
"596",2.5,95.5,303.735829782197
"597",2.5,96.5,349.942736979167
"598",2.5,97.5,765.734255151515
"599",2.5,98.5,1339.22704085498
"600",2.5,99.5,NA
"601",2.5,100.5,2172.60074098124
"602",2.5,101.5,1613.65832828283
"603",2.5,102.5,1533.55273333333
"604",2.5,104.5,555.163886574074
"605",2.5,105.5,356.6601
"606",2.5,106.5,339.414255555556
"607",2.5,107.5,338.405824074074
"608",2.5,108.5,514.067638095238
"609",2.5,109.5,625.991686497326
"610",2.5,117.5,1606.372875
"611",2.5,118.5,635.17465
"612",2.5,119.5,292.928178240741
"613",2.5,120.5,278.309337962963
"614",2.5,121.5,269.872534722222
"615",2.5,122.5,266.465361111111
"616",2.5,123.5,259.973953703704
"617",2.5,124.5,264.887217592593
"618",2.5,125.5,329.170769607843
"619",2.5,126.5,400.130011574074
"620",2.5,127.5,417.801333333333
"621",2.5,128.5,386.268697530864
"622",2.5,129.5,353.258127314815
"623",2.5,130.5,314.354673611111
"624",2.5,131.5,318.489236111111
"625",2.5,132.5,305.412081018519
"626",2.5,133.5,297.520592592593
"627",2.5,134.5,291.382944444444
"628",2.5,135.5,281.572974537037
"629",2.5,136.5,271.429122685185
"630",2.5,137.5,262.426766203704
"631",3.5,92.5,247.304282407407
"632",3.5,93.5,257.38075462963
"633",3.5,94.5,271.379261574074
"634",3.5,95.5,310.878414351852
"635",3.5,96.5,479.235416666667
"636",3.5,97.5,622.961472222222
"637",3.5,98.5,1329.28577777778
"638",3.5,99.5,1261.55829829545
"639",3.5,100.5,1445.18652020202
"640",3.5,101.5,1840.23083333333
"641",3.5,104.5,399.14474537037
"642",3.5,105.5,320.006730952381
"643",3.5,106.5,310.393637052342
"644",3.5,107.5,328.411118055556
"645",3.5,108.5,344.159711111111
"646",3.5,109.5,323.380331018519
"647",3.5,117.5,2103.614775
"648",3.5,118.5,563.47587037037
"649",3.5,119.5,320.456326388889
"650",3.5,120.5,271.933152777778
"651",3.5,121.5,263.876622685185
"652",3.5,122.5,256.801305555556
"653",3.5,123.5,253.646231481481
"654",3.5,124.5,247.777423611111
"655",3.5,125.5,252.838985294118
"656",3.5,126.5,218.189664215686
"657",3.5,127.5,241.785277777778
"658",3.5,128.5,317.778113425926
"659",3.5,129.5,339.022847222222
"660",3.5,130.5,322.338009259259
"661",3.5,131.5,317.710456018519
"662",3.5,132.5,308.766189814815
"663",3.5,133.5,311.402990740741
"664",3.5,134.5,298.272891203704
"665",3.5,135.5,276.872666666667
"666",4.5,91.5,259.855997685185
"667",4.5,92.5,276.413136574074
"668",4.5,93.5,277.484467592593
"669",4.5,94.5,284.23306712963
"670",4.5,95.5,469.978908216783
"671",4.5,96.5,1181.58316666667
"672",4.5,97.5,1321.39411111111
"673",4.5,98.5,747.454583333333
"674",4.5,99.5,787.5601875
"675",4.5,100.5,1218.25234649123
"676",4.5,104.5,370.518363425926
"677",4.5,105.5,315.257039351852
"678",4.5,106.5,304.836900462963
"679",4.5,107.5,310.573541666667
"680",4.5,108.5,314.234119047619
"681",4.5,109.5,280.495039351852
"682",4.5,118.5,730.483010416667
"683",4.5,119.5,540.530547979798
"684",4.5,120.5,297.83593287037
"685",4.5,121.5,264.664810185185
"686",4.5,122.5,260.685143518519
"687",4.5,123.5,268.488439814815
"688",4.5,124.5,271.192185185185
"689",4.5,125.5,216.314365740741
"690",4.5,126.5,165.531571078431
"691",4.5,127.5,176.440224537037
"692",4.5,128.5,205.687564814815
"693",4.5,129.5,266.817712962963
"694",4.5,130.5,296.956368055556
"695",4.5,131.5,296.870340277778
"696",4.5,132.5,303.660483796296
"697",5.5,91.5,286.208972222222
"698",5.5,92.5,306.456944444444
"699",5.5,93.5,314.317865740741
"700",5.5,94.5,364.052909722222
"701",5.5,95.5,495.631845833333
"702",5.5,96.5,436.175607638889
"703",5.5,97.5,531.724633333333
"704",5.5,98.5,552.885233796296
"705",5.5,99.5,754.790212962963
"706",5.5,104.5,361.595034722222
"707",5.5,105.5,338.713962962963
"708",5.5,106.5,320.855590277778
"709",5.5,107.5,293.389331018519
"710",5.5,108.5,280.895405092593
"711",5.5,109.5,275.321166666667
"712",5.5,125.5,286.627636111111
"713",5.5,126.5,163.203321759259
"714",5.5,127.5,158.690263888889
"715",5.5,128.5,172.028402777778
"716",5.5,129.5,188.498053240741
"717",5.5,130.5,208.429333333333
"718",6.5,91.5,293.629446759259
"719",6.5,92.5,313.260023148148
"720",6.5,93.5,346.065173809524
"721",6.5,94.5,367.947585648148
"722",6.5,95.5,389.167775462963
"723",6.5,96.5,380.381902777778
"724",6.5,97.5,419.881481481482
"725",6.5,98.5,509.496759259259
"726",6.5,103.5,433.311238425926
"727",6.5,104.5,396.916071759259
"728",6.5,105.5,426.272606481481
"729",6.5,106.5,366.932081018518
"730",6.5,107.5,317.983125
"731",6.5,108.5,290.280164351852
"732",6.5,109.5,277.323178240741
"733",7.5,91.5,300.489912037037
"734",7.5,92.5,325.649615740741
"735",7.5,93.5,394.245421717172
"736",7.5,94.5,344.074185185185
"737",7.5,95.5,338.836173611111
"738",7.5,96.5,351.719030092593
"739",7.5,97.5,403.955550925926
"740",7.5,105.5,585.246476851852
"741",7.5,106.5,474.288868055556
"742",7.5,107.5,354.509113425926
"743",7.5,108.5,304.742960648148
"744",7.5,109.5,296.449856481482
"745",7.5,110.5,298.3711875
"746",8.5,92.5,352.103400462963
"747",8.5,93.5,395.781730952381
"748",8.5,94.5,331.112689814815
"749",8.5,95.5,327.219532407407
"750",8.5,96.5,338.092787037037
"751",8.5,97.5,377.340363425926
"752",8.5,107.5,438.005541666667
"753",8.5,108.5,333.790335648148
"754",9.5,93.5,332.562143518518
"755",9.5,94.5,327.071981481481
"756",9.5,95.5,327.945777777778
"757",9.5,96.5,330.603212962963
