...1,latitude,longitude,sum_IUU,sum_reported,coords,sum_NIUU,sum_Nreported,total_IUU_catch,total_catch,conflict0nmi,conflict50nmi,conflict100nmi,conflict150nmi,conflict200nmi,fatalities100nmi
1,-13.5,117.5,8.8786,91.3668,"117.5,-13.5",0,0,8.8786,91.3668,0,0,0,0,0,0
2,-13.5,118.5,4.7693,49.61916,"118.5,-13.5",0,0,4.7693,49.61916,0,0,0,0,0,0
3,-13.5,119.5,6.48532,86.62943,"119.5,-13.5",0,0,6.48532,86.62943,0,0,0,0,0,0
4,-13.5,120.5,4.29735,56.6271,"120.5,-13.5",0,0,4.29735,56.6271,0,0,0,0,0,0
5,-13.5,121.5,151.01912,723.35557,"121.5,-13.5",0,0,151.01912,723.35557,0,0,0,0,0,0
6,-13.5,122.5,234.80373,1207.63564,"122.5,-13.5",0,0,234.80373,1207.63564,0,0,0,0,0,0
7,-13.5,123.5,22.42447,132.28351,"123.5,-13.5",0.0011,0.00365,22.42557,132.28716,0,0,0,0,5,5
8,-13.5,124.5,64.91326,280.81773,"124.5,-13.5",0.00569,0.01885,64.91895,280.83658,0,0,0,0,0,0
9,-13.5,125.5,143.06593,1206.74764,"125.5,-13.5",0.03968,0.13197,143.10561,1206.87961,0,0,0,0,0,0
10,-13.5,126.5,189.66321,509.62395,"126.5,-13.5",0.15013,0.49934,189.81334,510.12329,0,0,0,0,0,0
11,-12.5,113.5,14.62971,148.62159,"113.5,-12.5",0,0,14.62971,148.62159,0,0,0,0,0,0
12,-12.5,114.5,5.08201,46.75022,"114.5,-12.5",0,0,5.08201,46.75022,0,0,0,0,0,0
13,-12.5,115.5,13.23869,145.04949,"115.5,-12.5",0,0,13.23869,145.04949,0,0,0,0,1,1
14,-12.5,116.5,13.34915,136.91458,"116.5,-12.5",0,0,13.34915,136.91458,0,0,0,0,2,2
15,-12.5,117.5,15.22117,175.23113,"117.5,-12.5",0,0,15.22117,175.23113,0,0,0,0,0,0
16,-12.5,118.5,10.2307,126.70533,"118.5,-12.5",0,0,10.2307,126.70533,0,0,0,0,1,1
17,-12.5,119.5,11.06995,148.396,"119.5,-12.5",0,0,11.06995,148.396,0,0,0,1,1,1
18,-12.5,120.5,5.63844,75.57911,"120.5,-12.5",0,0,5.63844,75.57911,0,0,0,0,0,0
19,-12.5,121.5,6.69314,89.74557,"121.5,-12.5",0,0,6.69314,89.74557,0,0,0,0,0,0
20,-12.5,122.5,379.83857,1890.78914,"122.5,-12.5",7.32493,23.03557,387.1635,1913.82471,0,0,0,0,0,0
21,-12.5,123.5,161.38204,1035.5039,"123.5,-12.5",5.48083,17.24057,166.86287,1052.74447,0,0,0,5,5,5
22,-12.5,124.5,316.85541,1738.65218,"124.5,-12.5",7.45776,23.51242,324.31317,1762.1646,0,0,0,2,5,5
23,-12.5,125.5,95.98105,318.02494,"125.5,-12.5",0.00163,0.00538,95.98268,318.03032,0,0,0,0,0,0
24,-12.5,126.5,95.59991,364.97921,"126.5,-12.5",0.00364,0.01208,95.60355,364.99129,0,0,0,0,0,0
25,-12.5,127.5,74.75361,305.56257,"127.5,-12.5",0.03976,0.13227,74.79337,305.69484,0,0,0,0,0,0
26,-12.5,139.5,61.76741,194.89872,"139.5,-12.5",0,0,61.76741,194.89872,0,0,0,0,0,0
27,-12.5,140.5,145.49227,238.24492,"140.5,-12.5",0,0,145.49227,238.24492,0,0,0,0,0,0
28,-12.5,141.5,226.19928,476.91337,"141.5,-12.5",0,0,226.19928,476.91337,0,0,0,0,0,0
29,-11.5,106.5,0.13733,0.67947,"106.5,-11.5",0,0,0.13733,0.67947,0,0,0,0,0,0
30,-11.5,107.5,1.44916,4.8582,"107.5,-11.5",0,0,1.44916,4.8582,0,0,0,0,0,0
31,-11.5,108.5,2.81875,25.29585,"108.5,-11.5",0,0,2.81875,25.29585,0,0,0,0,0,0
32,-11.5,109.5,24.93602,282.22784,"109.5,-11.5",0,0,24.93602,282.22784,0,0,0,0,4,4
33,-11.5,110.5,8.38232,88.26993,"110.5,-11.5",0,0,8.38232,88.26993,0,0,0,0,12,12
34,-11.5,111.5,9.42551,99.19439,"111.5,-11.5",0,0,9.42551,99.19439,0,0,0,0,1,1
35,-11.5,112.5,9.59229,108.35283,"112.5,-11.5",0,0,9.59229,108.35283,0,0,0,0,18,18
36,-11.5,113.5,16.33925,196.13926,"113.5,-11.5",0,0,16.33925,196.13926,0,0,0,4,10,10
37,-11.5,114.5,8.40962,112.71799,"114.5,-11.5",0,0,8.40962,112.71799,0,0,0,0,1,1
38,-11.5,115.5,8.64366,115.90293,"115.5,-11.5",0,0,8.64366,115.90293,0,0,0,5,5,5
39,-11.5,116.5,4.56175,61.13268,"116.5,-11.5",0,0,4.56175,61.13268,0,0,0,5,5,5
40,-11.5,117.5,8.56739,114.8679,"117.5,-11.5",0,0,8.56739,114.8679,0,0,0,0,0,0
41,-11.5,118.5,8.2747,110.92497,"118.5,-11.5",0,0,8.2747,110.92497,0,0,0,3,4,4
42,-11.5,119.5,5.87631,78.74691,"119.5,-11.5",0,0,5.87631,78.74691,0,0,1,1,1,1
43,-11.5,120.5,3.78449,50.66269,"120.5,-11.5",0,0,3.78449,50.66269,0,0,0,0,0,0
44,-11.5,121.5,9.35538,125.10348,"121.5,-11.5",0,0,9.35538,125.10348,0,0,0,0,0,0
45,-11.5,122.5,191.95725,1299.88392,"122.5,-11.5",32.977,103.69714,224.93425,1403.58106,0,0,0,0,0,0
46,-11.5,123.5,345.94391,2152.01585,"123.5,-11.5",88.7496,279.07524,434.69351,2431.09109,0,4,5,5,5,5
47,-11.5,124.5,997.29835,5545.85253,"124.5,-11.5",64.82804,203.85312,1062.12639,5749.70565,0,0,4,5,5,5
48,-11.5,125.5,1039.17822,5069.1276,"125.5,-11.5",69.58868,218.82345,1108.7669,5287.95105,0,0,0,0,0,0
49,-11.5,126.5,574.76543,2330.5944,"126.5,-11.5",12.84789,39.72641,587.61332,2370.32081,0,0,0,0,0,0
50,-11.5,127.5,90.94775,297.69582,"127.5,-11.5",0.20134,0.46819,91.14909,298.16401,0,0,0,0,0,0
51,-11.5,128.5,93.09076,337.86535,"128.5,-11.5",8e-4,0.00271,93.09156,337.86806,0,0,0,0,0,0
52,-11.5,129.5,90.68324,181.09887,"129.5,-11.5",0,0,90.68324,181.09887,0,0,0,0,0,0
53,-11.5,130.5,93.20785,278.08341,"130.5,-11.5",0,0,93.20785,278.08341,0,0,0,0,0,0
54,-11.5,131.5,211.65505,554.51029,"131.5,-11.5",0,0,211.65505,554.51029,0,0,0,0,0,0
55,-11.5,132.5,123.85164,215.44788,"132.5,-11.5",0,0,123.85164,215.44788,0,0,0,0,0,0
56,-11.5,133.5,109.35715,227.53014,"133.5,-11.5",0,0,109.35715,227.53014,0,0,0,0,0,0
57,-11.5,135.5,151.72533,285.47908,"135.5,-11.5",0,0,151.72533,285.47908,0,0,0,0,0,0
58,-11.5,136.5,110.51708000000001,242.90747,"136.5,-11.5",0,0,110.51708000000001,242.90747,0,0,0,0,0,0
59,-11.5,137.5,252.43589,478.37623,"137.5,-11.5",0,0,252.43589,478.37623,0,0,0,0,0,0
60,-11.5,138.5,131.54845,275.10621,"138.5,-11.5",0,0,131.54845,275.10621,0,0,0,0,0,0
61,-11.5,139.5,242.81843,1591.90771,"139.5,-11.5",0.00234,0.00402,242.82077,1591.91173,0,0,0,0,0,0
62,-11.5,140.5,128.35845,330.86885,"140.5,-11.5",0,0,128.35845,330.86885,0,0,0,0,4,4
63,-11.5,141.5,173.42007,443.63654,"141.5,-11.5",0,0,173.42007,443.63654,0,0,0,0,0,0
64,-10.5,103.5,0.15106,0.69373,"103.5,-10.5",0,0,0.15106,0.69373,0,0,0,0,0,0
65,-10.5,104.5,0.33863,1.50395,"104.5,-10.5",0,0,0.33863,1.50395,0,0,0,0,0,0
66,-10.5,105.5,176.86249,574.19112,"105.5,-10.5",0.11632,0.38694,176.97881,574.57806,0,0,0,0,0,0
67,-10.5,106.5,2.59797,31.57856,"106.5,-10.5",0,0,2.59797,31.57856,0,0,0,0,1,1
68,-10.5,107.5,9.26523,122.15348,"107.5,-10.5",0,0,9.26523,122.15348,0,0,0,0,29,29
69,-10.5,108.5,8.96735,108.93808,"108.5,-10.5",0,0,8.96735,108.93808,0,0,0,0,4,4
70,-10.5,109.5,5.32856,71.41142,"109.5,-10.5",0,0,5.32856,71.41142,0,0,0,4,9,9
71,-10.5,110.5,5.47932,73.46337,"110.5,-10.5",0,0,5.47932,73.46337,0,0,0,17,22,22
72,-10.5,111.5,5.8373,78.2143,"111.5,-10.5",0,0,5.8373,78.2143,0,0,0,1,4,4
73,-10.5,112.5,8.76787,117.45753,"112.5,-10.5",0,0,8.76787,117.45753,0,0,0,25,55,55
74,-10.5,113.5,7.759,103.71788,"113.5,-10.5",0,0,7.759,103.71788,0,0,4,10,16,16
75,-10.5,114.5,7.67618,104.90491,"114.5,-10.5",0,0,7.67618,104.90491,0,0,1,1,1,1
76,-10.5,115.5,10.92095,146.36295,"115.5,-10.5",0,0,10.92095,146.36295,0,0,5,5,5,5
77,-10.5,116.5,6.73206,90.26785,"116.5,-10.5",0,0,6.73206,90.26785,0,0,5,5,5,5
78,-10.5,117.5,4.67676,62.70427,"117.5,-10.5",0,0,4.67676,62.70427,0,0,0,0,0,0
79,-10.5,118.5,7.97156,106.85175,"118.5,-10.5",0,0,7.97156,106.85175,0,0,4,4,4,4
80,-10.5,119.5,280.39943,1300.72136,"119.5,-10.5",165.22243,519.54873,445.62186,1820.27009,0,1,1,1,1,1
81,-10.5,120.5,734.92065,3190.51785,"120.5,-10.5",2135.03495,6713.6714,2869.9556,9904.18925,0,0,0,0,4,4
82,-10.5,121.5,1210.00134,5728.01222,"121.5,-10.5",2260.90193,7109.48213,3470.90327,12837.49435,0,0,4,4,4,4
83,-10.5,122.5,1073.82394,4743.41689,"122.5,-10.5",1177.28278,3705.28104,2251.10672,8448.69793,0,4,4,4,4,4
84,-10.5,123.5,1474.89535,6948.46085,"123.5,-10.5",6866.70774,21591.91928,8341.60309,28540.38013,4,5,5,5,5,5
85,-10.5,124.5,896.20578,4125.3957,"124.5,-10.5",2255.79183,7113.43555,3151.99761,11238.83125,0,9,9,9,9,9
86,-10.5,125.5,133.65682,1150.59927,"125.5,-10.5",7.50594,23.60259,141.16276,1174.20186,0,0,4,4,4,4
87,-10.5,126.5,470.18962,1783.20473,"126.5,-10.5",16.59505,46.18907,486.78467,1829.3938,0,0,0,4,4,4
88,-10.5,127.5,68.45758,341.59322,"127.5,-10.5",2.15596,5.01257,70.61354,346.60579,0,0,0,0,0,0
89,-10.5,128.5,781.12257,3242.82661,"128.5,-10.5",11.77851,36.56825,792.90108,3279.39486,0,0,0,0,0,0
90,-10.5,129.5,221.5085,417.68623,"129.5,-10.5",0,0,221.5085,417.68623,0,0,0,0,0,0
91,-10.5,130.5,70.92089,161.77068,"130.5,-10.5",0,0,70.92089,161.77068,0,0,0,0,0,0
92,-10.5,131.5,87.85394,194.71115,"131.5,-10.5",0,0,87.85394,194.71115,0,0,0,0,0,0
93,-10.5,132.5,258.58731,490.69292,"132.5,-10.5",0,0,258.58731,490.69292,0,0,0,0,0,0
94,-10.5,133.5,83.63829,190.94141,"133.5,-10.5",0,0,83.63829,190.94141,0,0,0,0,0,0
95,-10.5,134.5,122.33502,238.1579,"134.5,-10.5",0,0,122.33502,238.1579,0,0,0,0,0,0
96,-10.5,135.5,291.69516,435.23819,"135.5,-10.5",0,0,291.69516,435.23819,0,0,0,0,0,0
97,-10.5,136.5,146.1058,348.5678,"136.5,-10.5",0,0,146.1058,348.5678,0,0,0,0,0,0
98,-10.5,137.5,559.48755,1852.58724,"137.5,-10.5",14.61006,45.94148,574.09761,1898.52872,0,0,0,0,0,0
99,-10.5,138.5,1143.43834,4792.54689,"138.5,-10.5",7.78803,24.48959,1151.22637,4817.03648,0,0,0,0,0,0
100,-10.5,139.5,1395.98964,6735.95752,"139.5,-10.5",27.0209,84.82298,1423.01054,6820.7805,0,0,0,0,0,0
101,-10.5,140.5,1006.22858,4778.04331,"140.5,-10.5",84.30686,264.56573,1090.53544,5042.60904,0,0,4,4,4,4
102,-10.5,141.5,354.26078,1946.12348,"141.5,-10.5",1.03843,1.79232,355.29921,1947.9158,0,0,0,0,0,0
103,-9.5,102.5,3.7923,34.43099,"102.5,-9.5",0,0,3.7923,34.43099,0,0,0,0,0,0
104,-9.5,103.5,2.62722,32.61025,"103.5,-9.5",0,0,2.62722,32.61025,0,0,0,0,0,0
105,-9.5,104.5,3.58673,45.58699,"104.5,-9.5",0,0,3.58673,45.58699,0,0,0,0,0,0
106,-9.5,105.5,6.92308,90.86401,"105.5,-9.5",0,0,6.92308,90.86401,0,0,0,0,0,0
107,-9.5,106.5,15.17607,202.72043,"106.5,-9.5",0,0,15.17607,202.72043,0,0,0,11,134,134
108,-9.5,107.5,12.71872,170.48234,"107.5,-9.5",0,0,12.71872,170.48234,0,0,2,31,31,31
109,-9.5,108.5,8.14306,109.16948,"108.5,-9.5",0,0,8.14306,109.16948,0,0,2,4,4,4
110,-9.5,109.5,6.08779,79.39217,"109.5,-9.5",0,0,6.08779,79.39217,0,0,6,9,9,9
111,-9.5,110.5,9.57388,127.30863,"110.5,-9.5",0,0,9.57388,127.30863,0,0,17,22,25,25
112,-9.5,111.5,5.75005,77.038570000000007,"111.5,-9.5",0,0,5.75005,77.038570000000007,0,0,1,4,4,4
113,-9.5,112.5,5.59534,74.96701,"112.5,-9.5",0,0,5.59534,74.96701,0,0,28,55,55,55
114,-9.5,113.5,6.36539,84.72729,"113.5,-9.5",0,0,6.36539,84.72729,0,8,10,16,16,16
115,-9.5,114.5,4.7523,63.66105,"114.5,-9.5",0,0,4.7523,63.66105,0,1,1,1,1,1
116,-9.5,115.5,7.4189,99.33023,"115.5,-9.5",0,0,7.4189,99.33023,0,5,5,5,5,5
117,-9.5,116.5,253.68767,773.02898,"116.5,-9.5",179.29367,563.79508,432.98134,1336.82406,0,5,5,6,6,6
118,-9.5,117.5,394.08578,2217.75706,"117.5,-9.5",1291.97352,4062.6525,1686.0593,6280.40956,0,0,1,1,1,1
119,-9.5,118.5,666.38276,2631.41882,"118.5,-9.5",621.12884,1953.15489,1287.5116,4584.57371,0,5,5,5,5,5
120,-9.5,119.5,1376.71585,7493.14287,"119.5,-9.5",7898.9033,24838.37779,9275.61915,32331.52066,1,1,1,1,1,1
121,-9.5,120.5,1288.66278,6166.64045,"120.5,-9.5",3500.33493,11006.89055,4788.99771,17173.531,0,1,1,1,2,2
122,-9.5,121.5,32.35648,365.07222,"121.5,-9.5",0.13829,0.43484,32.49477,365.50706,0,0,2,2,7,7
123,-9.5,122.5,6.50081,87.09052,"122.5,-9.5",0,0,6.50081,87.09052,0,1,3,6,7,7
124,-9.5,123.5,763.28983,3420.80018,"123.5,-9.5",4468.21671,14050.40164,5231.50654,17471.20182,1,10,10,10,10,10
125,-9.5,124.5,1364.54656,5574.83083,"124.5,-9.5",3706.25133,11539.19274,5070.79789,17114.02357,5,6,6,6,6,6
126,-9.5,125.5,341.45814,1882.64095,"125.5,-9.5",679.5102,2057.85408,1020.96834,3940.49503,0,5,6,6,6,6
127,-9.5,126.5,1.97807,11.06143,"126.5,-9.5",3.19504,7.4515,5.17311,18.51293,0,0,5,6,6,6
128,-9.5,127.5,11.80766,93.92059,"127.5,-9.5",4.62996,10.76245,16.43762,104.68304,0,0,0,5,5,5
129,-9.5,128.5,958.45519,5163.98506,"128.5,-9.5",39.14207,122.88127,997.59726,5286.86633,0,0,0,0,3,3
130,-9.5,129.5,395.74502,2598.13081,"129.5,-9.5",14.52428,45.67172,410.2693,2643.80253,0,0,0,0,0,0
131,-9.5,130.5,580.36408,2914.38529,"130.5,-9.5",4.48924,14.11652,584.85332,2928.50181,0,0,0,0,0,0
132,-9.5,131.5,1378.88752,4949.36204,"131.5,-9.5",208.90337,656.90046,1587.79089,5606.2625,0,0,0,0,0,0
133,-9.5,132.5,468.10852,1722.18921,"132.5,-9.5",18.27893,57.47849,486.38745,1779.6677,0,0,0,0,0,0
134,-9.5,133.5,463.95407,1859.89171,"133.5,-9.5",1.54283,4.85152,465.4969,1864.74323,0,0,0,0,0,0
135,-9.5,134.5,453.17903,1937.88408,"134.5,-9.5",0.97875,3.07772,454.15778,1940.9618,0,0,0,0,0,0
136,-9.5,135.5,1053.01193,3216.36928,"135.5,-9.5",1.29372,4.07719,1054.30565,3220.44647,0,0,0,0,0,0
137,-9.5,136.5,1633.21867,5622.72848,"136.5,-9.5",55.48481,174.47334,1688.70348,5797.20182,0,0,0,0,0,0
138,-9.5,137.5,1605.42553,4959.67401,"137.5,-9.5",129.41356,406.97063000000003,1734.83909,5366.64464,0,0,0,0,0,0
139,-9.5,138.5,2593.72106,8236.65698,"138.5,-9.5",222.4447,699.48096,2816.16576,8936.13794,0,0,0,0,0,0
140,-9.5,139.5,2114.4533,6813.74054,"139.5,-9.5",456.9107,1435.44674,2571.364,8249.18728,0,0,0,0,0,0
141,-9.5,140.5,2466.97613,8477.78493,"140.5,-9.5",3244.91031,10199.68584,5711.88644,18677.47077,0,4,4,4,4,4
142,-9.5,141.5,362.68758,2973.04588,"141.5,-9.5",4.56795,8.36632,367.25553,2981.4122,0,0,0,0,0,0
143,-8.5,99.5,45.16492,189.32759,"99.5,-8.5",0,0,45.16492,189.32759,0,0,0,0,0,0
144,-8.5,100.5,9.5903,102.90828,"100.5,-8.5",0,0,9.5903,102.90828,0,0,0,0,0,0
145,-8.5,101.5,7.04478,61.50168,"101.5,-8.5",0,0,7.04478,61.50168,0,0,0,0,0,0
146,-8.5,102.5,9.65634,116.18684,"102.5,-8.5",0,0,9.65634,116.18684,0,0,0,0,0,0
147,-8.5,103.5,5.37016,72.00492,"103.5,-8.5",0,0,5.37016,72.00492,0,0,0,0,0,0
148,-8.5,104.5,4.67364,62.63744,"104.5,-8.5",0,0,4.67364,62.63744,0,0,0,0,0,0
149,-8.5,105.5,3.84566,51.47601,"105.5,-8.5",0,0,3.84566,51.47601,0,0,0,0,4,4
150,-8.5,106.5,4.96478,66.5503,"106.5,-8.5",0,0,4.96478,66.5503,0,0,15,134,134,134
151,-8.5,107.5,31.54541,163.38436,"107.5,-8.5",0,0,31.54541,163.38436,0,2,31,31,31,31
152,-8.5,108.5,767.54586,3847.58167,"108.5,-8.5",1114.48421,3504.54448,1882.03007,7352.12615,0,2,4,4,5,5
153,-8.5,109.5,442.09994,2144.85299,"109.5,-8.5",576.90872,1814.10289,1019.00866,3958.95588,0,8,9,10,15,15
154,-8.5,110.5,1386.25272,4211.51271,"110.5,-8.5",2594.587,8158.64716,3980.83972,12370.15987,0,17,26,31,36,36
155,-8.5,111.5,1187.90964,4061.7691,"111.5,-8.5",2215.49179,6972.29028,3403.40143,11034.05938,0,2,10,15,21,21
156,-8.5,112.5,948.0583,4172.833,"112.5,-8.5",2666.67807,8426.36471,3614.73637,12599.19771,1,48,66,71,74,74
157,-8.5,113.5,1546.25961,6622.2194,"113.5,-8.5",4203.58973,13211.14054,5749.84934,19833.35994,10,11,23,26,28,28
158,-8.5,114.5,1611.54643,6518.50796,"114.5,-8.5",5024.78077,15800.30973,6636.3272,22318.81769,1,13,19,22,22,22
159,-8.5,115.5,1292.4895,6507.67621,"115.5,-8.5",7171.4484,22550.7879,8463.9379,29058.46411,5,9,16,21,26,26
160,-8.5,116.5,1680.57461,6671.34856,"116.5,-8.5",4990.61455,15728.01931,6671.18916,22399.36787,5,10,12,20,25,25
161,-8.5,117.5,1323.49897,5956.38051,"117.5,-8.5",4764.59182,14977.50073,6088.09079,20933.88124,0,6,9,15,20,20
162,-8.5,118.5,1636.86142,7594.60588,"118.5,-8.5",4446.99492,13986.23543,6083.85634,21580.84131,4,4,6,9,14,14
163,-8.5,119.5,1485.09467,6376.76252,"119.5,-8.5",4863.9059,15298.19989,6349.00057,21674.96241,0,5,5,7,34,34
164,-8.5,120.5,1510.56186,7248.79924,"120.5,-8.5",5322.36307,16736.9374,6832.92493,23985.73664,0,0,4,4,6,6
165,-8.5,121.5,2111.83689,6660.4634,"121.5,-8.5",6413.90794,20168.68165,8525.74483,26829.14505,0,0,0,4,4,4
166,-8.5,122.5,1612.22057,5522.53855,"122.5,-8.5",5391.93634,16955.29131,7004.15691,22477.82986,0,0,0,0,3,3
167,-8.5,123.5,1056.74914,5709.95564,"123.5,-8.5",5063.38885,15841.80987,6120.13799,21551.76551,0,0,5,5,5,5
168,-8.5,124.5,1583.01615,7953.83485,"124.5,-8.5",4874.55666,15134.48135,6457.57281,23088.3162,0,5,5,5,5,5
169,-8.5,125.5,804.14506,3559.5831,"125.5,-8.5",2834.47754,8686.02614,3638.6226,12245.60924,0,0,0,0,0,0
170,-8.5,126.5,615.7294,3148.91591,"126.5,-8.5",2732.33274,8212.9251,3348.06214,11361.84101,0,0,0,0,0,0
171,-8.5,127.5,637.85614,3030.24062,"127.5,-8.5",3237.31708,10080.42539,3875.17322,13110.66601,0,0,0,0,0,0
172,-8.5,128.5,836.88148,3118.59324,"128.5,-8.5",1954.99673,6147.70337,2791.87821,9266.29661,0,0,0,0,0,0
173,-8.5,129.5,762.90036,2799.36515,"129.5,-8.5",1170.44243,3680.47739,1933.34279,6479.84254,0,0,0,0,0,0
174,-8.5,130.5,455.31434,2321.4804,"130.5,-8.5",1744.79796,5486.54926,2200.1123,7808.02966,0,0,0,0,0,0
175,-8.5,131.5,789.58611,4097.18783,"131.5,-8.5",1895.0124,5958.90103,2684.59851,10056.08886,0,0,0,0,0,0
176,-8.5,132.5,988.05951,4771.83572,"132.5,-8.5",130.81414,411.34712,1118.87365,5183.18284,0,0,0,0,0,0
177,-8.5,133.5,1477.28049,6509.46234,"133.5,-8.5",46.27876,146.33523,1523.55925,6655.79757,0,0,0,0,0,0
178,-8.5,134.5,1126.04844,5103.8372,"134.5,-8.5",14.9391,46.97948,1140.98754,5150.81668,0,0,0,0,0,0
179,-8.5,135.5,1602.10768,4851.80895,"135.5,-8.5",19.47533,61.24021,1621.58301,4913.04916,0,0,0,0,0,0
180,-8.5,136.5,1520.9515,6059.45129,"136.5,-8.5",202.7384,636.06753,1723.6899,6695.51882,0,0,0,0,0,0
181,-8.5,137.5,1846.8495,5545.78657,"137.5,-8.5",2385.50181,7501.47574,4232.35131,13047.26231,0,0,0,4,4,4
182,-8.5,138.5,1725.62669,6056.76297,"138.5,-8.5",3485.78909,10961.12753,5211.41578,17017.8905,0,0,4,4,4,4
183,-8.5,139.5,2914.81976,8018.76756,"139.5,-8.5",3594.37119,11303.65086,6509.19095,19322.41842,0,4,4,4,16,16
184,-8.5,140.5,1959.03281,5148.74347,"140.5,-8.5",6542.35857,20572.58385,8501.39138,25721.32732,4,4,4,4,4,4
185,-7.5,99.5,4.55596,32.67437,"99.5,-7.5",0,0,4.55596,32.67437,0,0,0,0,0,0
186,-7.5,100.5,3.23483,43.34174,"100.5,-7.5",0,0,3.23483,43.34174,0,0,0,0,0,0
187,-7.5,101.5,8.65858,116.0825,"101.5,-7.5",0,0,8.65858,116.0825,0,0,0,0,0,0
188,-7.5,102.5,3.82503,51.28733,"102.5,-7.5",0,0,3.82503,51.28733,0,0,0,0,0,0
189,-7.5,103.5,6.69289,89.75212,"103.5,-7.5",0,0,6.69289,89.75212,0,0,0,0,2,2
190,-7.5,104.5,6.02782,80.77716,"104.5,-7.5",0,0,6.02782,80.77716,0,0,0,2,8,8
191,-7.5,105.5,930.37436,3467.8937,"105.5,-7.5",474.32485,1491.52864,1404.69921,4959.42234,0,0,6,12,15,15
192,-7.5,106.5,972.64499,5771.64966,"106.5,-7.5",2747.86692,8639.74152,3720.51191,14411.39118,0,131,142,146,151,151
193,-7.5,107.5,1237.73189,5037.17804,"107.5,-7.5",2386.84181,7666.65576,3624.5737,12703.8338,6,33,37,55,59,59
194,-7.5,108.5,749.12843,3303.71832,"108.5,-7.5",3050.67323,9592.91052,3799.80166,12896.62884,2,17,33,37,45,45
195,-7.5,109.5,645.86669,2502.11017,"109.5,-7.5",3008.19579,9459.35336,3654.06248,11961.46353,8,29,37,46,91,91
196,-7.5,110.5,337.60147,1343.67588,"110.5,-7.5",1130.16729,3553.83154,1467.76876,4897.50742,18,34,62,98,100,100
197,-7.5,112.5,1269.44402,4244.04527,"112.5,-7.5",3147.69966,9897.99891,4417.14368,14142.04418,54,60,77,82,86,86
198,-7.5,113.5,2212.89762,7691.53734,"113.5,-7.5",5225.41159,16431.53171,7438.30921,24123.06905,3,66,72,76,94,94
199,-7.5,114.5,1528.09295,5484.39204,"114.5,-7.5",7829.05423,24624.08672,9357.14718,30108.47876,0,4,51,59,63,63
200,-7.5,115.5,434.57079,2438.81984,"115.5,-7.5",1451.79404,4565.19302,1886.36483,7004.01286,0,5,8,53,62,62
201,-7.5,116.5,153.16888,954.67112,"116.5,-7.5",336.99808,1059.69641,490.16696,2014.36753,0,5,5,5,35,35
202,-7.5,117.5,1058.15514,5374.84144,"117.5,-7.5",3363.58896,10579.34468,4421.7441,15954.18612,0,0,0,0,0,0
203,-7.5,118.5,791.05768,2675.33121,"118.5,-7.5",1092.39481,3435.15724,1883.45249,6110.48845,0,4,4,4,4,4
204,-7.5,119.5,1.46829,14.42149,"119.5,-7.5",0,0,1.46829,14.42149,0,0,1,25,25,25
205,-7.5,120.5,725.25754,3148.98688,"120.5,-7.5",1544.57775,4856.9531,2269.83529,8005.93998,0,0,0,0,0,0
206,-7.5,121.5,699.40781,3491.36995,"121.5,-7.5",2221.15644,6984.46715,2920.56425,10475.8371,0,0,0,0,1,1
207,-7.5,122.5,261.79432,1416.81762,"122.5,-7.5",311.32618,978.97093,573.1205,2395.78855,0,0,0,0,2,2
208,-7.5,123.5,74.58614,482.63863,"123.5,-7.5",3.21312,10.10374,77.79926,492.74237,0,0,0,5,5,5
209,-7.5,124.5,0.03968,0.46493,"124.5,-7.5",0,0,0.03968,0.46493,0,0,5,5,5,5
210,-7.5,125.5,1097.87103,1861.56719,"125.5,-7.5",2108.14293,6629.094,3206.01396,8490.66119,0,0,0,0,0,0
211,-7.5,126.5,942.93999,3468.00327,"126.5,-7.5",2152.83606,6769.63213,3095.77605,10237.6354,0,0,0,0,0,0
212,-7.5,127.5,942.59403,4221.79066,"127.5,-7.5",2935.9296,9232.08429,3878.52363,13453.87495,0,0,0,0,0,0
213,-7.5,128.5,475.82609,2245.61763,"128.5,-7.5",1088.18073,3446.04436,1564.00682,5691.66199,0,0,0,0,2,2
214,-7.5,129.5,316.92403,1591.98679,"129.5,-7.5",932.2635,2931.51981,1249.18753,4523.5066,0,0,0,0,0,0
215,-7.5,130.5,1199.15683,5407.71558,"130.5,-7.5",2334.32858,7340.33867,3533.48541,12748.05425,0,0,0,0,0,0
216,-7.5,131.5,1627.09216,7030.68198,"131.5,-7.5",4598.22161,14459.65594,6225.31377,21490.33792,0,0,0,0,0,0
217,-7.5,132.5,390.1284,1976.13359,"132.5,-7.5",542.38968,1705.55435,932.51808,3681.68794,0,0,0,0,0,0
218,-7.5,133.5,1223.78593,4819.64338,"133.5,-7.5",469.41321,1476.11927,1693.19914,6295.76265,0,0,0,0,0,0
219,-7.5,134.5,1923.65258,8400.86507,"134.5,-7.5",972.87521,3059.23719,2896.52779,11460.10226,0,0,0,0,0,0
220,-7.5,135.5,1295.22451,5282.6178,"135.5,-7.5",399.06878,1254.87897,1694.29329,6537.49677,0,0,0,0,0,0
221,-7.5,136.5,1608.71149,6669.39471,"136.5,-7.5",214.91316,675.7983,1823.62465,7345.19301,0,0,0,9,17,17
222,-7.5,137.5,4088.68637,8665.91002,"137.5,-7.5",1810.29697,5692.51201,5898.98334,14358.42203,0,0,0,0,13,13
223,-7.5,138.5,1440.80805,5121.15547,"138.5,-7.5",2862.11315,9108.1326,4302.9212,14229.28807,0,0,0,0,12,12
224,-7.5,139.5,398.48962,2130.22638,"139.5,-7.5",555.84767,1747.92766,954.33729,3878.15404,0,0,0,12,12,12
225,-6.5,98.5,10.55335,95.66338,"98.5,-6.5",0,0,10.55335,95.66338,0,0,0,0,0,0
226,-6.5,99.5,5.96587,71.18444,"99.5,-6.5",0,0,5.96587,71.18444,0,0,0,0,0,0
227,-6.5,100.5,3.92863,52.6429,"100.5,-6.5",0,0,3.92863,52.6429,0,0,0,0,0,0
228,-6.5,101.5,3.90678,52.31027,"101.5,-6.5",0,0,3.90678,52.31027,0,0,0,0,0,0
229,-6.5,102.5,4.68247,62.67794,"102.5,-6.5",0,0,4.68247,62.67794,0,0,0,0,1,1
230,-6.5,103.5,10.23107,136.0368,"103.5,-6.5",0,0,10.23107,136.0368,0,0,1,2,140,140
231,-6.5,104.5,177.49851,1534.92216,"104.5,-6.5",284.78578,895.54772,462.28429,2430.46988,0,0,5,139,164,164
232,-6.5,105.5,1579.4286,6589.15375,"105.5,-6.5",7437.54764,23422.79803,9016.97624,30011.95178,0,103,163,163,166,166
233,-6.5,106.5,1116.38389,4438.53446,"106.5,-6.5",3018.59551,9493.92348,4134.9794,13932.45794,134,159,161,162,162,162
234,-6.5,107.5,927.20166,3364.73733,"107.5,-6.5",4239.73871,13331.9358,5166.94037,16696.67313,25,167,168,169,175,175
235,-6.5,108.5,1037.66272,3978.26983,"108.5,-6.5",3285.47118,10331.22401,4323.1339,14309.49384,2,28,168,172,173,173
236,-6.5,109.5,1691.96235,6626.38836,"109.5,-6.5",5336.49309,16784.23583,7028.45544,23410.62419,1,18,42,179,181,181
237,-6.5,110.5,1969.37931,7001.73037,"110.5,-6.5",5497.86934,17292.06372,7467.24865,24293.79409,7,26,30,52,187,187
238,-6.5,111.5,2295.65672,6333.77547,"111.5,-6.5",6674.65749,20988.66954,8970.31421,27322.44501,2,10,13,17,17,17
239,-6.5,112.5,1703.3378,5434.02779,"112.5,-6.5",4101.90995,12898.89836,5805.24775,18332.92615,0,48,67,67,68,68
240,-6.5,113.5,1751.09629,5999.88371,"113.5,-6.5",5124.48843,16114.0474,6875.58472,22113.93111,3,6,18,24,25,25
241,-6.5,114.5,2164.45018,8333.63816,"114.5,-6.5",1889.71259,5942.23601,4054.16277,14275.87417,0,1,4,5,9,9
242,-6.5,115.5,1632.75968,6435.09487,"115.5,-6.5",4377.09699,13771.81475,6009.85667,20206.90962,0,0,5,8,8,8
243,-6.5,116.5,1204.74859,4054.19319,"116.5,-6.5",1806.99446,5682.80472,3011.74305,9736.99791,0,0,3,6,8,8
244,-6.5,117.5,401.55042,2166.35729,"117.5,-6.5",4.62267,14.53596,406.17309,2180.89325,0,0,0,0,1,1
245,-6.5,118.5,1001.57515,4302.29807,"118.5,-6.5",2141.54516,6734.12786,3143.12031,11036.42593,0,0,3,4,4,4
246,-6.5,119.5,574.42671,2741.60646,"119.5,-6.5",384.70411,1209.70909,959.13082,3951.31555,0,4,24,24,26,26
247,-6.5,120.5,1159.43128,4844.70173,"120.5,-6.5",3736.63897,11749.92969,4896.07025,16594.63142,0,0,0,0,0,0
248,-6.5,121.5,667.72089,2623.37981,"121.5,-6.5",1072.4873,3372.45596,1740.20819,5995.83577,0,0,0,1,1,1
249,-6.5,122.5,572.84506,2007.96218,"122.5,-6.5",758.04903,2383.69884,1330.89409,4391.66102,0,0,0,2,2,2
250,-6.5,123.5,0.10332,1.29362,"123.5,-6.5",0,0,0.10332,1.29362,0,0,0,0,5,5
251,-6.5,124.5,520.09699,2602.32982,"124.5,-6.5",1728.4218,5435.05387,2248.51879,8037.38369,0,0,0,3,5,5
252,-6.5,125.5,0.34906,4.18173,"125.5,-6.5",0,0,0.34906,4.18173,0,0,0,0,0,0
253,-6.5,126.5,10.03349,101.69389,"126.5,-6.5",0,0,10.03349,101.69389,0,0,0,0,0,0
254,-6.5,127.5,0.04385,0.49633,"127.5,-6.5",0,0,0.04385,0.49633,0,0,0,0,0,0
255,-6.5,128.5,0.04511,0.54116,"128.5,-6.5",0,0,0.04511,0.54116,0,0,0,3,3,3
256,-6.5,129.5,584.31504,2278.19758,"129.5,-6.5",1767.98124,5559.44938,2352.29628,7837.64696,0,0,0,0,0,0
257,-6.5,130.5,162.49683,857.79728,"130.5,-6.5",24.20325,76.10758,186.70008,933.90486,0,0,0,0,0,0
258,-6.5,131.5,387.18282,2030.7901,"131.5,-6.5",346.36168,1089.1406,733.5445,3119.9307,0,0,0,0,0,0
259,-6.5,132.5,415.81085,2434.38446,"132.5,-6.5",979.08432,3078.75385,1394.89517,5513.13831,0,0,0,0,2,2
260,-6.5,133.5,429.11419,2132.39928,"133.5,-6.5",895.60704,2816.25272,1324.72123,4948.652,0,0,0,3,3,3
261,-6.5,134.5,1418.07074,5503.28578,"134.5,-6.5",7795.60015,24513.40706,9213.67089,30016.69284,0,0,0,0,0,0
262,-6.5,135.5,11461.8375,19693.31479,"135.5,-6.5",1315.66655,4128.6183,12777.50405,23821.93309,0,0,0,0,5,5
263,-6.5,136.5,1614.59156,6946.63654,"136.5,-6.5",122.59701,385.50829,1737.18857,7332.14483,0,0,14,17,17,17
264,-6.5,137.5,1823.36581,6685.32914,"137.5,-6.5",923.94914000000006,2905.37478,2747.31495,9590.70392,0,0,0,13,13,13
265,-6.5,138.5,1905.31751,6661.82473,"138.5,-6.5",5115.90747,16087.09755,7021.22498,22748.92228,0,0,0,13,13,13
266,-6.5,139.5,264.22839,1202.1492,"139.5,-6.5",884.624,2781.71646,1148.85239,3983.86566,0,0,12,13,13,13
267,-5.5,97.5,28.14676,333.04513,"97.5,-5.5",0,0,28.14676,333.04513,0,0,0,0,0,0
268,-5.5,98.5,9.87216,129.22108,"98.5,-5.5",0,0,9.87216,129.22108,0,0,0,0,0,0
269,-5.5,99.5,8.89358,119.22112,"99.5,-5.5",0,0,8.89358,119.22112,0,0,0,0,0,0
270,-5.5,100.5,6.93503,92.94033,"100.5,-5.5",0,0,6.93503,92.94033,0,0,0,0,0,0
271,-5.5,101.5,10.47495,122.1808,"101.5,-5.5",0,0,10.47495,122.1808,0,0,0,0,2,2
272,-5.5,102.5,915.51554,4322.79798,"102.5,-5.5",1389.09327,4368.04488,2304.60881,8690.84286,0,0,0,3,5,5
273,-5.5,103.5,501.50296,2002.38962,"103.5,-5.5",1321.42246,4155.25326,1822.92542,6157.64288,0,1,4,5,5,5
274,-5.5,104.5,1931.85527,6756.20419,"104.5,-5.5",5996.25023,19067.6993,7928.1055,25823.90349,0,2,4,8,8,8
275,-5.5,105.5,1430.58689,5498.04696,"105.5,-5.5",4811.39905,15126.86239,6241.98594,20624.90935,2,4,4,4,5,5
276,-5.5,106.5,1620.09751,6470.51388,"106.5,-5.5",4540.98072,14234.00975,6161.07823,20704.52363,0,134,136,138,138,138
277,-5.5,107.5,2001.418,6230.74917,"107.5,-5.5",3518.57782,11064.49841,5519.99582,17295.24758,0,5,31,33,33,33
278,-5.5,108.5,1633.08036,5552.14375,"108.5,-5.5",3523.88342,11080.15771,5156.96378,16632.30146,0,2,4,4,6,6
279,-5.5,109.5,2077.35237,7305.66236,"109.5,-5.5",1204.59226,3787.86236,3281.94463,11093.52472,0,0,5,9,9,9
280,-5.5,110.5,2192.9054,8494.98749,"110.5,-5.5",3963.10825,12462.06646,6156.01365,20957.05395,0,3,13,25,25,25
281,-5.5,111.5,1559.91383,5399.20581,"111.5,-5.5",884.06102,2780.29099,2443.97485,8179.4968,0,2,3,4,4,4
282,-5.5,112.5,1781.72716,6886.91645,"112.5,-5.5",2513.62176,7904.47657,4295.34892,14791.39302,0,0,37,55,55,55
283,-5.5,113.5,1764.89446,6900.94716,"113.5,-5.5",1286.90344,4046.6915,3051.7979,10947.63866,0,0,6,12,17,17
284,-5.5,114.5,1714.55756,7003.89155,"114.5,-5.5",5241.17236,16481.01962,6955.72992,23484.91117,0,0,0,1,1,1
285,-5.5,115.5,1603.36835,6307.41901,"115.5,-5.5",1679.62425,5281.60925,3282.9926,11589.02826,0,0,0,0,5,5
286,-5.5,116.5,1344.42696,5010.83155,"116.5,-5.5",1523.5826,4790.93533,2868.00956,9801.76688,0,0,0,21,30,30
287,-5.5,117.5,920.96256,4632.33108,"117.5,-5.5",2745.29922,8632.64372,3666.26178,13264.9748,0,0,22,24,24,24
288,-5.5,118.5,1082.05766,4409.2677,"118.5,-5.5",2309.27301,7261.75673,3391.33067,11671.02443,0,24,24,25,28,28
289,-5.5,119.5,971.21291,3783.57109,"119.5,-5.5",5280.60015,16605.5078,6251.81306,20389.07889,24,24,25,25,25,25
290,-5.5,120.5,2229.19934,6358.75646,"120.5,-5.5",5282.35495,16610.68628,7511.55429,22969.44274,0,24,24,26,26,26
291,-5.5,121.5,549.63595,1937.05521,"121.5,-5.5",1056.91935,3324.71644,1606.5553,5261.77165,0,0,25,25,25,25
292,-5.5,122.5,1527.88317,5617.96235,"122.5,-5.5",5230.62644,16447.80042,6758.50961,22065.76277,0,0,2,5,26,26
293,-5.5,123.5,1222.61515,5142.58892,"123.5,-5.5",3224.38455,10139.13639,4446.9997,15281.72531,0,0,0,0,2,2
294,-5.5,124.5,1777.61235,3894.50975,"124.5,-5.5",2114.45725,6735.09567,3892.0696,10629.60542,0,0,0,0,1,1
295,-5.5,125.5,0.19347,2.29003,"125.5,-5.5",0,0,0.19347,2.29003,0,0,0,0,0,0
296,-5.5,126.5,0.03796,0.44021,"126.5,-5.5",0,0,0.03796,0.44021,0,0,0,0,0,0
297,-5.5,127.5,351.52262,1921.00265,"127.5,-5.5",18.19144,57.20349,369.71406,1978.20614,0,0,0,0,0,0
298,-5.5,128.5,3.11052,30.64887,"128.5,-5.5",0,0,3.11052,30.64887,0,0,3,3,3,3
299,-5.5,129.5,0.05837,0.67386,"129.5,-5.5",0,0,0.05837,0.67386,0,0,0,0,0,0
300,-5.5,130.5,0.20993,2.17178,"130.5,-5.5",0,0,0.20993,2.17178,0,0,0,0,0,0
301,-5.5,131.5,237.45656,1144.01325,"131.5,-5.5",409.15768,1286.60368,646.61424,2430.61693,0,0,0,0,0,0
302,-5.5,132.5,1208.21735,4818.74547,"132.5,-5.5",4102.62101,12899.7022,5310.83836,17718.44767,0,0,0,2,2,2
303,-5.5,133.5,788.01191,3095.64658,"133.5,-5.5",2051.93631,6456.21984,2839.94822,9551.86642,0,0,3,3,3,3
304,-5.5,134.5,1314.84421,5893.66481,"134.5,-5.5",3882.26609,12207.91494,5197.1103,18101.57975,0,0,0,0,0,0
305,-5.5,135.5,1852.7481,8021.02875,"135.5,-5.5",1868.90858,5887.16983,3721.65668,13908.19858,0,0,5,5,5,5
306,-5.5,136.5,1825.02205,7359.49698,"136.5,-5.5",2315.27729,7280.43207,4140.29934,14639.92905,0,14,17,17,20,20
307,-5.5,137.5,5606.50975,10272.94265,"137.5,-5.5",3981.06792,12518.54127,9587.57767,22791.48392,0,0,13,13,13,13
308,-5.5,138.5,939.51021,2757.01984,"138.5,-5.5",3045.13048,9592.83834,3984.64069,12349.85818,0,0,13,13,15,15
309,-4.5,96.5,17.61292,213.6444,"96.5,-4.5",0,0,17.61292,213.6444,0,0,0,0,0,0
310,-4.5,97.5,20.94151,250.89197,"97.5,-4.5",0,0,20.94151,250.89197,0,0,0,0,0,0
311,-4.5,98.5,5.7065,76.47022,"98.5,-4.5",0,0,5.7065,76.47022,0,0,0,0,0,0
312,-4.5,99.5,9.32801,125.01176,"99.5,-4.5",0,0,9.32801,125.01176,0,0,0,0,0,0
313,-4.5,100.5,97.19099,625.56059,"100.5,-4.5",0.42581,1.33897,97.6168,626.89956,0,0,0,0,2,2
314,-4.5,101.5,604.90438,3451.69791,"101.5,-4.5",1489.04759,4682.40622,2093.95197,8134.10413,0,0,1,1,2,2
315,-4.5,102.5,1063.52811,5226.04162,"102.5,-4.5",2932.35046,9220.85144,3995.87857,14446.89306,0,1,3,7,8,8
316,-4.5,103.5,961.09527,4444.84589,"103.5,-4.5",4190.89185,13178.34656,5151.98712,17623.19245,1,3,5,11,11,11
317,-4.5,105.5,866.81219,3324.14483,"105.5,-4.5",2235.15183,7028.47573,3101.96402,10352.62056,2,4,5,6,6,6
318,-4.5,106.5,1852.97646,5318.50931,"106.5,-4.5",2843.28553,8940.36851,4696.26199,14258.87782,0,2,137,139,139,139
319,-4.5,107.5,2575.24226,7510.75175,"107.5,-4.5",385.75642,1213.52152,2960.99868,8724.27327,0,0,3,33,33,33
320,-4.5,108.5,2570.05802,6652.61247,"108.5,-4.5",248.00999,781.33282,2818.06801,7433.94529,0,0,0,4,6,6
321,-4.5,109.5,2118.0059,6487.73755,"109.5,-4.5",139.90403,440.1406,2257.90993,6927.87815,0,0,0,5,9,9
322,-4.5,110.5,2130.0562,6151.25923,"110.5,-4.5",288.46071,907.0703,2418.51691,7058.32953,0,0,3,8,25,25
323,-4.5,111.5,1861.57503,6011.76567,"111.5,-4.5",1225.50833,3890.39467,3087.08336,9902.16034,0,0,0,3,4,4
324,-4.5,112.5,1991.0929,7202.14044,"112.5,-4.5",950.13854,2987.70457,2941.23144,10189.84501,0,0,0,30,55,55
325,-4.5,113.5,2710.89745,7918.50731,"113.5,-4.5",739.78322,2326.26151,3450.68067,10244.76882,0,0,0,7,13,13
326,-4.5,114.5,2483.01937,7551.84515,"114.5,-4.5",5684.82954,17735.17449,8167.84891,25287.01964,0,0,0,0,0,0
327,-4.5,115.5,1289.02809,5905.12936,"115.5,-4.5",4372.6865100000005,13750.14587,5661.7146,19655.27523,0,0,0,0,0,0
328,-4.5,116.5,2313.48933,8754.2004,"116.5,-4.5",3700.06991,11635.1836,6013.55924,20389.384,0,0,0,1,2,2
329,-4.5,117.5,827.93951,3009.40073,"117.5,-4.5",864.05926,2717.05001,1691.99877,5726.45074,0,0,0,0,0,0
330,-4.5,118.5,648.57906,2382.25023,"118.5,-4.5",683.6442,2149.73185,1332.22326,4531.98208,0,0,0,0,1,1
331,-4.5,119.5,1783.96622,6711.54874,"119.5,-4.5",5209.5724,16381.71831,6993.53862,23093.26705,0,25,26,29,29,29
332,-4.5,120.5,1980.30072,6999.49351,"120.5,-4.5",4706.16145,14798.6108,6686.46217,21798.10431,0,1,3,3,16,16
333,-4.5,121.5,1887.48539,6242.14718,"121.5,-4.5",6738.92519,21190.67346,8626.41058,27432.82064,1,1,1,1,1,1
334,-4.5,122.5,2465.48496,8047.07778,"122.5,-4.5",4368.49932,13742.94989,6833.98428,21790.02767,0,3,3,3,3,3
335,-4.5,123.5,640.4254,2947.97682,"123.5,-4.5",2432.77524,7650.08288,3073.20064,10598.0597,0,0,1,1,1,1
336,-4.5,124.5,0.04292,0.48277,"124.5,-4.5",0,0,0.04292,0.48277,0,0,0,1,1,1
337,-4.5,125.5,0.04774,0.56741,"125.5,-4.5",0,0,0.04774,0.56741,0,0,0,0,0,0
338,-4.5,126.5,1.52496,15.40564,"126.5,-4.5",0,0,1.52496,15.40564,0,0,0,0,0,0
339,-4.5,127.5,0.0731,0.87692,"127.5,-4.5",0,0,0.0731,0.87692,0,0,0,0,0,0
340,-4.5,128.5,0.15738,1.81605,"128.5,-4.5",0,0,0.15738,1.81605,0,3,3,3,3,3
341,-4.5,129.5,533.81309,2612.59502,"129.5,-4.5",1557.44172,4898.55302,2091.25481,7511.14804,0,0,0,0,0,0
342,-4.5,130.5,234.65856,1491.75758,"130.5,-4.5",433.09032,1361.86045,667.74888,2853.61803,0,0,0,0,0,0
343,-4.5,131.5,877.10348,3599.9842400000002,"131.5,-4.5",3420.19437,10754.86356,4297.29785,14354.8478,0,0,0,0,7,7
344,-4.5,132.5,302.57868,1427.11974,"132.5,-4.5",1037.71344,3263.10877,1340.29212,4690.22851,0,0,2,2,4,4
345,-4.5,133.5,559.30761,3115.10645,"133.5,-4.5",1823.90316,5735.31454,2383.21077,8850.42099,0,3,3,4,26,26
346,-4.5,134.5,1436.32258,5331.2145,"134.5,-4.5",3483.99886,10955.56608,4920.32144,16286.78058,0,0,1,23,36,36
347,-4.5,135.5,1463.54098,5897.52408,"135.5,-4.5",4735.35111,14896.61954,6198.89209,20794.14362,0,6,28,28,37,37
348,-4.5,136.5,710.73496,2972.63911,"136.5,-4.5",2488.0484,7824.46561,3198.78336,10797.10472,15,25,25,49,53,53
349,-4.5,137.5,665.66483,3097.98937,"137.5,-4.5",978.5216,3076.979,1644.18643,6174.96837,8,28,49,49,49,49
350,-3.5,95.5,12.87581,129.9581,"95.5,-3.5",0,0,12.87581,129.9581,0,0,0,0,0,0
351,-3.5,96.5,11.02298,141.04634,"96.5,-3.5",0,0,11.02298,141.04634,0,0,0,0,0,0
352,-3.5,97.5,5.39287,72.2932,"97.5,-3.5",0,0,5.39287,72.2932,0,0,0,0,0,0
353,-3.5,98.5,5.59415,74.99795,"98.5,-3.5",0,0,5.59415,74.99795,0,0,0,0,0,0
354,-3.5,99.5,4.48238,60.05673,"99.5,-3.5",0,0,4.48238,60.05673,0,0,0,0,1,1
355,-3.5,100.5,1023.49066,5468.01685,"100.5,-3.5",1575.13985,4951.75647,2598.63051,10419.77332,0,0,0,2,4,4
356,-3.5,101.5,2104.99562,8927.26244,"101.5,-3.5",2905.23119,9133.17028,5010.22681,18060.43272,0,0,1,3,5,5
357,-3.5,102.5,758.44724,3347.65239,"102.5,-3.5",3672.42558,11548.01088,4430.87282,14895.66327,0,4,8,10,10,10
358,-3.5,105.5,1048.86562,4322.17906,"105.5,-3.5",3116.84733,9800.98351,4165.71295,14123.16257,0,2,9,10,10,10
359,-3.5,106.5,1778.54216,6911.40976,"106.5,-3.5",5285.90372,16637.68868,7064.44588,23549.09844,0,2,4,129,141,141
360,-3.5,107.5,2772.23059,7994.31039,"107.5,-3.5",2826.21034,8887.32793,5598.44093,16881.63832,0,0,0,2,33,33
361,-3.5,108.5,1723.58861,7185.73972,"108.5,-3.5",3662.18745,11506.25212,5385.77606,18691.99184,0,0,0,0,4,4
362,-3.5,109.5,2262.84141,7186.95293,"109.5,-3.5",572.15057,1799.1377,2834.99198,8986.09063,0,0,0,0,5,5
363,-3.5,110.5,2246.36536,7182.42939,"110.5,-3.5",2443.04593,7682.60344,4689.41129,14865.03283,0,0,0,3,8,8
364,-3.5,111.5,2391.54707,8393.32113,"111.5,-3.5",6970.53425,21707.169,9362.08132,30100.49013,0,0,0,0,3,3
365,-3.5,112.5,1887.41327,6139.34677,"112.5,-3.5",7305.19759,22971.41068,9192.61086,29110.75745,0,0,0,0,27,27
366,-3.5,113.5,2113.05209,6329.36028,"113.5,-3.5",6237.07877,19612.92678,8350.13086,25942.28706,0,1,1,1,7,7
367,-3.5,114.5,4909.49932,10258.18542,"114.5,-3.5",4528.41748,14239.56466,9437.9168,24497.75008,0,0,0,0,0,0
368,-3.5,115.5,771.33075,3058.2385,"115.5,-3.5",2137.82943,6724.38503,2909.16018,9782.62353,0,0,0,0,0,0
369,-3.5,116.5,2518.92086,8062.63437,"116.5,-3.5",5122.95899,16573.67418,7641.87985,24636.30855,0,0,1,3,3,3
370,-3.5,117.5,1386.14776,5458.70369,"117.5,-3.5",641.94226,2018.60894,2028.09002,7477.31263,0,0,1,1,3,3
371,-3.5,118.5,975.78387,4211.8262,"118.5,-3.5",1937.83867,6093.55521,2913.62254,10305.38141,0,1,1,1,1,1
372,-3.5,119.5,1286.68658,4522.29131,"119.5,-3.5",4275.30052,13443.76078,5561.9871,17966.05209,1,1,28,28,30,30
373,-3.5,120.5,2320.8267,6340.99864,"120.5,-3.5",7574.84253,23819.21655,9895.66923,30160.21519,0,3,13,18,18,18
374,-3.5,121.5,999.43662,3589.90886,"121.5,-3.5",2160.87094,6794.91105,3160.30756,10384.81991,0,3,4,4,4,4
375,-3.5,122.5,1535.2916,6880.94423,"122.5,-3.5",5757.02561,18103.10756,7292.31721,24984.05179,2,2,2,2,3,3
376,-3.5,123.5,539.35421,2257.68627,"123.5,-3.5",3858.2344,12132.28872,4397.58861,14389.97499,0,2,2,2,2,2
377,-3.5,124.5,0.06828,0.79145,"124.5,-3.5",0,0,0.06828,0.79145,0,0,2,2,4,4
378,-3.5,125.5,0.07576,0.87621,"125.5,-3.5",0,0,0.07576,0.87621,0,0,0,5,5,5
379,-3.5,126.5,1723.6222,7921.91117,"126.5,-3.5",5090.20069,16006.22901,6813.82289,23928.14018,0,0,3,3,3,3
380,-3.5,127.5,1492.40492,6090.59372,"127.5,-3.5",4033.38669,12683.05808,5525.79161,18773.6518,0,3,3,3,3,3
381,-3.5,128.5,1827.62815,6169.74199,"128.5,-3.5",4713.35092,14797.11488,6540.97907,20966.85687,3,3,3,3,3,3
382,-3.5,129.5,701.09198,2814.67841,"129.5,-3.5",2381.25343,7489.83684,3082.34541,10304.51525,0,3,3,3,3,3
383,-3.5,130.5,1435.48722,6499.02333,"130.5,-3.5",4272.11157,13433.73313,5707.59879,19932.75646,0,0,1,3,6,6
384,-3.5,131.5,933.70841,4122.49297,"131.5,-3.5",1137.15158,3575.80499,2070.85999,7698.29796,0,0,0,10,13,13
385,-3.5,132.5,1012.22475,4240.54127,"132.5,-3.5",3402.65639,10699.71531,4414.88114,14940.25658,0,5,6,6,12,12
386,-3.5,133.5,1316.16891,5535.08686,"133.5,-3.5",4165.49815,13098.48516,5481.66706,18633.57202,3,3,8,10,12,12
387,-3.5,134.5,1017.78266,4111.57996,"134.5,-3.5",2599.08496,8173.43304,3616.86762,12285.013,0,8,10,25,28,28
388,-3.5,135.5,691.83809,2853.755,"135.5,-3.5",4209.9548,13238.20692,4901.79289,16091.96192,5,7,12,19,20,20
389,-2.5,95.5,22.77561,166.52599,"95.5,-2.5",0,0,22.77561,166.52599,0,0,0,0,0,0
390,-2.5,96.5,10.66498,142.99117,"96.5,-2.5",0,0,10.66498,142.99117,0,0,0,0,0,0
391,-2.5,97.5,5.48676,73.51944,"97.5,-2.5",0,0,5.48676,73.51944,0,0,0,0,0,0
392,-2.5,98.5,4.4756,59.92839,"98.5,-2.5",0,0,4.4756,59.92839,0,0,0,0,1,1
393,-2.5,99.5,884.52298,4494.1955,"99.5,-2.5",1624.52963,5108.42658,2509.05261,9602.62208,0,0,0,1,4,4
394,-2.5,100.5,1885.48186,7432.11734,"100.5,-2.5",3889.40868,12231.27144,5774.89054,19663.38878,0,0,2,4,5,5
395,-2.5,101.5,816.44404,3840.88572,"101.5,-2.5",2895.73125,9106.8689,3712.17529,12947.75462,0,3,3,6,21,21
396,-2.5,104.5,712.51822,2487.17351,"104.5,-2.5",4901.04169,15086.74231,5613.55991,17573.91582,3,7,11,12,26,26
397,-2.5,105.5,1713.96497,5511.4888,"105.5,-2.5",3827.68661,12036.21407,5541.65158,17547.70287,1,6,6,12,13,13
398,-2.5,106.5,1712.6099,6727.01162,"106.5,-2.5",4883.03617,15354.79624,6595.64607,22081.80786,2,3,5,6,127,127
399,-2.5,107.5,2133.99745,7500.283,"107.5,-2.5",4038.54949,12699.64995,6172.54694,20199.93295,0,2,3,5,6,6
400,-2.5,108.5,2784.60768,7532.82737,"108.5,-2.5",3133.72698,9854.66963,5918.33466,17387.497,0,0,2,3,5,5
401,-2.5,109.5,2210.65603,7081.83031,"109.5,-2.5",2432.66612,7649.8318,4643.32215,14731.66211,0,0,0,4,4,4
402,-2.5,110.5,1476.14817,4821.82775,"110.5,-2.5",5198.48924,16347.66038,6674.63741,21169.48813,0,0,0,0,1,1
403,-2.5,111.5,845.91135,2743.37268,"111.5,-2.5",2866.15917,9012.56275,3712.07052,11755.93543,0,0,0,1,1,1
404,-2.5,113.5,131.11456,735.60812,"113.5,-2.5",438.69891,1379.4968,569.81347,2115.10492,1,1,1,1,1,1
405,-2.5,116.5,1987.93633,6747.84046,"116.5,-2.5",5887.21745,18456.17864,7875.15378,25204.0191,0,2,2,3,3,3
406,-2.5,117.5,1104.98044,4749.56706,"117.5,-2.5",976.80811,3071.78705,2081.78855,7821.35411,0,0,2,2,6,6
407,-2.5,118.5,1047.39149,4629.77525,"118.5,-2.5",1649.90677,5188.16175,2697.29826,9817.937,0,0,1,2,2,2
408,-2.5,119.5,607.97897,2652.44353,"119.5,-2.5",2693.31669,8469.18368,3301.29566,11121.62721,0,6,6,30,30,30
409,-2.5,120.5,925.14165,3605.37875,"120.5,-2.5",5841.31273,18398.57669,6766.45438,22003.95544,2,14,15,16,16,16
410,-2.5,121.5,891.10947,4191.06377,"121.5,-2.5",3757.33157,11814.97882,4648.44104,16006.04259,0,2,3,3,3,3
411,-2.5,122.5,1367.67691,5570.691,"122.5,-2.5",3349.86283,10533.70497,4717.53974,16104.39597,0,0,4,4,4,4
412,-2.5,123.5,927.87594,2905.86358,"123.5,-2.5",1565.99388,4924.29629,2493.86982,7830.15987,0,0,0,2,2,2
413,-2.5,124.5,603.5592,2281.69003,"124.5,-2.5",2166.18428,6811.63886,2769.74348,9093.32889,0,0,0,0,2,2
414,-2.5,125.5,614.27912,2261.23852,"125.5,-2.5",1632.17111,5136.19608,2246.45023,7397.4346,0,0,0,0,0,0
415,-2.5,126.5,393.05005,2169.36396,"126.5,-2.5",1071.1555,3368.26833,1464.20555,5537.63229,0,0,0,0,0,0
416,-2.5,127.5,386.71505,1966.72008,"127.5,-2.5",1717.04919,5399.29254,2103.76424,7366.01262,0,0,0,0,0,0
417,-2.5,128.5,1319.37272,3165.06934,"128.5,-2.5",2456.57263,7724.76252,3775.94535,10889.83186,0,3,3,3,5,5
418,-2.5,129.5,1206.70104,5006.73972,"129.5,-2.5",3786.89626,11907.96415,4993.5973,16914.70387,0,0,0,2,2,2
419,-2.5,130.5,1482.9633,6041.81159,"130.5,-2.5",3714.19345,11679.91677,5197.15675,17721.72836,0,0,2,2,2,2
420,-2.5,131.5,1301.44591,6148.84595,"131.5,-2.5",3573.94685,11238.34138,4875.39276,17387.18733,0,2,9,9,9,9
421,-2.5,132.5,1709.63323,6168.20811,"132.5,-2.5",5631.02948,17709.7665,7340.66271,23877.97461,2,3,3,3,3,3
422,-2.5,133.5,1185.24031,4770.97142,"133.5,-2.5",3419.76718,10753.54972,4605.00749,15524.52114,0,5,5,5,5,5
423,-2.5,134.5,1496.76516,7278.99584,"134.5,-2.5",5657.43203,17793.10476,7154.19719,25072.1006,0,0,13,15,17,17
424,-2.5,135.5,1901.46803,5876.41562,"135.5,-2.5",4932.4524,15510.75533,6833.92043,21387.17095,0,5,5,7,9,9
425,-2.5,136.5,1189.81747,5089.84381,"136.5,-2.5",3546.94053,11153.41948,4736.758,16243.26329,0,7,26,26,26,26
426,-2.5,137.5,155.88767000000001,1053.9954,"137.5,-2.5",938.95119,2952.54922,1094.83886,4006.54462,0,7,15,15,35,35
427,-2.5,139.5,957.98976,3264.50639,"139.5,-2.5",2087.80742,6565.14752,3045.79718,9829.6539100000009,0,20,23,35,35,35
428,-2.5,140.5,1171.42145,4972.31738,"140.5,-2.5",3164.84923,9951.93202,4336.27068,14924.2494,20,20,20,22,22,22
429,-2.5,141.5,173.40687,1554.49446,"141.5,-2.5",2.78562,4.80491,176.19249,1559.29937,0,20,20,20,22,22
430,-1.5,94.5,16.84543,166.19572,"94.5,-1.5",0,0,16.84543,166.19572,0,0,0,0,0,0
431,-1.5,95.5,15.40037,155.70088,"95.5,-1.5",0,0,15.40037,155.70088,0,0,0,0,0,0
432,-1.5,96.5,12.92181,173.30642,"96.5,-1.5",0,0,12.92181,173.30642,0,0,0,0,0,0
433,-1.5,97.5,6.24672,83.73744,"97.5,-1.5",0,0,6.24672,83.73744,0,0,0,0,8,8
434,-1.5,98.5,567.01871,2831.81197,"98.5,-1.5",3142.69811,9908.68326,3709.71682,12740.49523,0,0,0,0,1,1
435,-1.5,99.5,1081.172,4395.80024,"99.5,-1.5",3233.74192,10168.83011,4314.91392,14564.63035,0,0,0,3,3,3
436,-1.5,100.5,1846.29962,7611.71223,"100.5,-1.5",4605.76805,14490.76396,6452.06767,22102.47619,0,1,3,3,9,9
437,-1.5,104.5,1214.51814,5668.43027,"104.5,-1.5",6038.03736,18986.35571,7252.5555,24654.78598,0,7,13,28,28,28
438,-1.5,105.5,2834.03575,8676.44409,"105.5,-1.5",4626.01017,14546.57495,7460.04592,23223.01904,0,1,7,7,11,11
439,-1.5,106.5,2359.60054,7439.69044,"106.5,-1.5",3539.49591,11131.3961,5899.09645,18571.08654,0,2,2,8,8,8
440,-1.5,107.5,2960.87085,9299.37475,"107.5,-1.5",463.27618,1457.37039,3424.14703,10756.74514,0,0,0,0,0,0
441,-1.5,108.5,2468.77074,6970.8281,"108.5,-1.5",2920.6717,9184.15936,5389.44244,16154.98746,0,0,0,0,0,0
442,-1.5,109.5,1767.95379,6855.45088,"109.5,-1.5",4464.19348,14034.80192,6232.14727,20890.2528,0,0,2,2,2,2
443,-1.5,110.5,856.17668,3276.64242,"110.5,-1.5",2420.1924,7610.54791,3276.36908,10887.19033,0,0,0,0,0,0
444,-1.5,116.5,1787.80679,6355.8201,"116.5,-1.5",5727.78458,17998.03489,7515.59137,24353.85499,2,2,2,4,5,5
445,-1.5,117.5,1185.17835,4233.98247,"117.5,-1.5",2795.1762,8789.48263,3980.35455,13023.4651,0,4,8,12,21,21
446,-1.5,118.5,44.66124,115.10951,"118.5,-1.5",0,0,44.66124,115.10951,0,3,8,17,17,17
447,-1.5,119.5,656.04717,2726.41217,"119.5,-1.5",3400.49291,10697.0236,4056.54008,13423.43577,3,15,16,17,42,42
448,-1.5,120.5,361.09558,1719.79545,"120.5,-1.5",1200.29037,3774.33521,1561.38595,5494.13066,12,18,19,19,20,20
449,-1.5,121.5,1330.66275,4721.36426,"121.5,-1.5",4086.40361,12852.82658,5417.06636,17574.19084,0,12,15,16,16,16
450,-1.5,122.5,1217.22716,5544.09428,"122.5,-1.5",5135.20236,16148.07533,6352.42952,21692.16961,0,0,12,15,17,17
451,-1.5,123.5,1619.30838,7132.7334,"123.5,-1.5",5752.4318,18166.36284,7371.74018,25299.09624,0,0,0,8,12,12
452,-1.5,124.5,1081.29731,5025.81903,"124.5,-1.5",2618.03147,8232.44785,3699.32878,13258.26688,0,0,0,3,11,11
453,-1.5,125.5,746.35852,3771.36941,"125.5,-1.5",2177.41428,6846.93659,2923.7728,10618.306,0,0,0,0,0,0
454,-1.5,126.5,414.15322,2068.82589,"126.5,-1.5",1686.12441,5302.04903,2100.27763,7370.87492,0,0,0,0,0,0
455,-1.5,127.5,1727.47639,7409.72116,"127.5,-1.5",4550.08658,14307.83038,6277.56297,21717.55154,0,0,0,0,0,0
456,-1.5,128.5,1205.60742,5142.61941,"128.5,-1.5",3019.7498,9497.9901,4225.35722,14640.60951,0,0,1,3,4,4
457,-1.5,129.5,928.97793,4266.16576,"129.5,-1.5",3264.18294,10264.15678,4193.16087,14530.32254,0,0,0,1,1,1
458,-1.5,130.5,1206.75361,5787.07324,"130.5,-1.5",3512.75012,11045.90722,4719.50373,16832.98046,0,0,1,1,1,1
459,-1.5,131.5,5316.40188,12008.69862,"131.5,-1.5",5427.96843,17116.08959,10744.37031,29124.78821,0,8,8,8,8,8
460,-1.5,132.5,388.99078,1473.78322,"132.5,-1.5",1987.00702,6248.1799,2375.9978,7721.96312,1,1,3,3,8,8
461,-1.5,134.5,1105.17589,5232.79756,"134.5,-1.5",6412.29197,20163.95073,7517.46786,25396.74829,0,13,20,21,21,21
462,-1.5,135.5,1185.87358,4113.21859,"135.5,-1.5",4248.07413,13357.6459,5433.94771,17470.86449,0,7,12,12,13,13
463,-1.5,136.5,1689.76134,7058.07802,"136.5,-1.5",7051.47898,22173.50443,8741.24032,29231.58245,7,7,7,15,24,24
464,-1.5,137.5,1505.5027,5841.80014,"137.5,-1.5",4999.33369,15440.95298,6504.83639,21282.75312,0,3,7,20,20,20
465,-1.5,138.5,966.1593,4070.20341,"138.5,-1.5",3980.15554,12515.67193,4946.31484,16585.87534,0,2,5,22,22,22
466,-1.5,139.5,1048.35027,1899.67618,"139.5,-1.5",1340.09476,4213.95257,2388.44503,6113.62875,0,0,1,1,20,20
467,-1.5,140.5,20.49161,53.03608,"140.5,-1.5",0,0,20.49161,53.03608,0,19,20,20,20,20
468,-1.5,141.5,55.75497,522.34697,"141.5,-1.5",0,0,55.75497,522.34697,0,0,0,0,0,0
469,-0.5,93.5,10.8862,95.67694,"93.5,-0.5",0,0,10.8862,95.67694,0,0,0,0,0,0
470,-0.5,94.5,19.05356,227.20782,"94.5,-0.5",0,0,19.05356,227.20782,0,0,0,0,0,0
471,-0.5,95.5,4.11344,55.15408,"95.5,-0.5",0,0,4.11344,55.15408,0,0,0,0,0,0
472,-0.5,96.5,6.8007,91.19207,"96.5,-0.5",0,0,6.8007,91.19207,0,0,0,0,0,0
473,-0.5,97.5,349.77465,1365.95995,"97.5,-0.5",250.02694,786.21742,599.80159,2152.17737,0,0,0,10,12,12
474,-0.5,98.5,1219.85325,5809.02623,"98.5,-0.5",6566.64531,20648.96824,7786.49856,26457.99447,0,0,1,1,1,1
475,-0.5,99.5,1284.35909,6500.87695,"99.5,-0.5",1716.09115,5421.17401,3000.45024,11922.05096,0,2,2,3,5,5
476,-0.5,100.5,868.99462,3776.58902,"100.5,-0.5",2710.56601,8523.48734,3579.56063,12300.07636,1,1,1,1,1,1
477,-0.5,103.5,1633.31501,5370.48648,"103.5,-0.5",4715.20405,14828.62853,6348.51906,20199.11501,0,7,7,8,10,10
478,-0.5,104.5,1279.41184,5726.70972,"104.5,-0.5",8177.55097,25713.61528,9456.96281,31440.325,0,0,15,20,20,20
479,-0.5,105.5,1308.16788,4892.45445,"105.5,-0.5",1468.7813,4618.60941,2776.94918,9511.06386,0,0,1,1,3,3
480,-0.5,106.5,2156.71963,6106.86628,"106.5,-0.5",538.66263,1693.854,2695.38226,7800.72028,0,0,2,4,5,5
481,-0.5,107.5,5083.65047,10603.44973,"107.5,-0.5",1152.95794,3625.49739,6236.60841,14228.94712,0,0,2,2,2,2
482,-0.5,108.5,2190.0063,6469.81775,"108.5,-0.5",2919.55025,9169.42526,5109.55655,15639.24301,0,2,2,2,2,2
483,-0.5,109.5,1348.89206,4788.35897,"109.5,-0.5",5769.46279,18142.18146,7118.35485,22930.54043,2,2,2,2,2,2
484,-0.5,117.5,1672.06489,6107.60318,"117.5,-0.5",6986.38519,21969.44685,8658.45008,28077.05003,2,3,3,5,7,7
485,-0.5,118.5,37.9885,355.62527,"118.5,-0.5",0.71661,2.25339,38.70511,357.87866,0,0,3,3,3,3
486,-0.5,119.5,1090.24218,5931.34711,"119.5,-0.5",4383.58356,13785.7989,5473.82574,19717.14601,0,4,4,7,7,7
487,-0.5,120.5,1154.23728,4911.59032,"120.5,-0.5",5101.25691,16041.06942,6255.49419,20952.65974,1,14,16,16,18,18
488,-0.5,121.5,1710.12842,7242.14129,"121.5,-0.5",3899.20897,12261.13394,5609.33739,19503.27523,0,1,1,1,2,2
489,-0.5,122.5,1584.82581,5346.27816,"122.5,-0.5",4706.29542,14799.06192,6291.12123,20145.34008,0,0,1,1,3,3
490,-0.5,123.5,763.62847,3194.40889,"123.5,-0.5",2130.45583,6696.47889,2894.0843,9890.88778,0,0,0,0,1,1
491,-0.5,124.5,0.13486,1.66332,"124.5,-0.5",0,0,0.13486,1.66332,0,0,3,3,3,3
492,-0.5,125.5,0.07584,0.88833,"125.5,-0.5",0,0,0.07584,0.88833,0,0,0,0,0,0
493,-0.5,126.5,0.93296,9.65007,"126.5,-0.5",0,0,0.93296,9.65007,0,0,0,0,0,0
494,-0.5,127.5,1511.51099,6530.59447,"127.5,-0.5",5843.82769,18377.22058,7355.33868,24907.81505,0,0,0,0,7,7
495,-0.5,128.5,1759.73402,6321.12976,"128.5,-0.5",3217.10745,9977.57579,4976.84147,16298.70555,0,0,0,7,10,10
496,-0.5,129.5,621.98261,3852.18668,"129.5,-0.5",2219.01363,6977.72884,2840.99624,10829.91552,0,0,7,7,7,7
497,-0.5,130.5,1424.44896,5871.13743,"130.5,-0.5",5442.48693,17116.60932,6866.93589,22987.74675,0,7,7,7,20,20
498,-0.5,131.5,1731.08389,4767.64309,"131.5,-0.5",3296.83717,10376.07052,5027.92106,15143.71361,7,7,7,20,20,20
499,-0.5,132.5,1348.26798,5094.96616,"132.5,-0.5",3475.16762,10927.93782,4823.4356,16022.90398,0,8,21,23,23,23
500,-0.5,133.5,1245.23719,4840.1189,"133.5,-0.5",5112.12602,16075.17369,6357.36321,20915.29259,0,13,13,20,23,23
501,-0.5,134.5,1166.32263,4553.86387,"134.5,-0.5",2478.68055,7794.34341,3645.00318,12348.20728,13,13,13,13,20,20
502,-0.5,135.5,964.41797999999994,5416.91894,"135.5,-0.5",3853.22822,12116.54671,4817.6462,17533.46565,0,0,13,18,18,18
503,-0.5,136.5,206.37905,926.18109,"136.5,-0.5",1141.82814,3590.50486,1348.20719,4516.68595,0,4,7,20,23,23
504,-0.5,137.5,0.09527,1.16039,"137.5,-0.5",0,0,0.09527,1.16039,0,0,0,0,26,26
505,-0.5,138.5,0.04591,0.54304,"138.5,-0.5",0,0,0.04591,0.54304,0,0,2,2,15,15
506,-0.5,139.5,0.03131,0.35141,"139.5,-0.5",0,0,0.03131,0.35141,0,0,0,0,1,1
507,-0.5,140.5,0.05339,0.63279,"140.5,-0.5",0,0,0.05339,0.63279,0,0,19,20,20,20
508,-0.5,141.5,56.28427,527.28694,"141.5,-0.5",0,0,56.28427,527.28694,0,0,0,0,0,0
509,0.5,92.5,9.04137,87.99558,"92.5,0.5",0,0,9.04137,87.99558,0,0,0,0,0,0
510,0.5,93.5,28.49975,274.73414,"93.5,0.5",0,0,28.49975,274.73414,0,0,0,0,0,0
511,0.5,94.5,4.7514,63.68391,"94.5,0.5",0,0,4.7514,63.68391,0,0,0,0,0,0
512,0.5,95.5,4.73945,63.47658,"95.5,0.5",0,0,4.73945,63.47658,0,0,0,0,0,0
513,0.5,96.5,5.98449,80.19963,"96.5,0.5",0,0,5.98449,80.19963,0,0,0,0,3,3
514,0.5,97.5,832.74749,4553.30807,"97.5,0.5",2516.98279,7914.91383,3349.73028,12468.2219,0,0,10,12,15,15
515,0.5,98.5,1509.06583,6622.99358,"98.5,0.5",3125.30706,9771.27412,4634.37289,16394.2677,0,1,1,16,34,34
516,0.5,99.5,1288.32043,4686.80638,"99.5,0.5",4119.28962,12956.03757,5407.61005,17642.84395,1,1,17,19,19,19
517,0.5,102.5,833.43631,4187.07887,"102.5,0.5",1201.15902,3777.0665,2034.59533,7964.14537,0,15,19,22,23,23
518,0.5,103.5,1564.2901,6334.53587,"103.5,0.5",4406.77359,13756.03836,5971.06369,20090.57423,1,2,20,23,24,24
519,0.5,104.5,1800.26226,7494.0403,"104.5,0.5",6428.72216,20215.67029,8228.98442,27709.71059,1,15,15,15,34,34
520,0.5,105.5,1811.23089,5928.6228,"105.5,0.5",1361.95226,4282.68494,3173.18315,10211.30774,0,1,2,3,3,3
521,0.5,106.5,1513.41888,5325.13311,"106.5,0.5",1358.23649,4272.40961,2871.65537,9597.54272,0,0,1,2,5,5
522,0.5,107.5,1886.20499,6538.44937,"107.5,0.5",3733.27242,11740.507,5619.47741,18278.95637,0,0,0,0,1,1
523,0.5,108.5,2258.76357,7405.34607,"108.5,0.5",6429.28887,20545.33938,8688.05244,27950.68545,0,0,0,0,0,0
524,0.5,109.5,309.43182,1318.28387,"109.5,0.5",1048.17322,3295.99986,1357.60504,4614.28373,0,2,2,2,2,2
525,0.5,117.5,1122.36283,4572.97962,"117.5,0.5",3249.83629,10236.5575,4372.19912,14809.53712,1,3,4,6,7,7
526,0.5,118.5,593.2502,2809.1474,"118.5,0.5",2548.7593,8014.30956,3142.0095,10823.45696,0,1,1,2,2,2
527,0.5,119.5,986.39187,3491.48021,"119.5,0.5",3787.87647,11911.29787,4774.26834,15402.77808,0,0,5,5,5,5
528,0.5,120.5,2086.29192,6227.66043,"120.5,0.5",7817.80347,24593.47514,9904.09539,30821.13557,1,1,14,14,17,17
529,0.5,121.5,1390.54897,5966.49644,"121.5,0.5",3160.23427,9937.36958,4550.78324,15903.86602,0,1,1,1,1,1
530,0.5,122.5,1186.00726,5298.4976,"122.5,0.5",2810.80242,8838.6196,3996.80968,14137.1172,0,0,1,1,1,1
531,0.5,123.5,2062.89019,7040.12342,"123.5,0.5",5760.14848,18121.27984,7823.03867,25161.40326,0,0,0,1,1,1
532,0.5,124.5,1440.95888,6299.54949,"124.5,0.5",5270.42626,16573.38026,6711.38514,22872.92975,0,3,3,3,4,4
533,0.5,125.5,108.91907,459.40139,"125.5,0.5",232.00037,729.52938,340.91944,1188.93077,0,0,0,0,0,0
534,0.5,126.5,334.5173,1577.40895,"126.5,0.5",1629.44845,5123.83053,1963.96575,6701.23948,0,0,0,0,0,0
535,0.5,127.5,1425.85596,5945.49723,"127.5,0.5",6022.97906,18940.53259,7448.83502,24886.02982,0,0,0,0,0,0
536,0.5,128.5,1162.63617,5461.36022,"128.5,0.5",6443.23989,20266.07982,7605.87606,25727.44004,0,0,0,0,0,0
537,0.5,129.5,1451.28549,3851.02983,"129.5,0.5",2050.62782,6448.23672,3501.91331,10299.26655,0,0,0,0,0,0
538,0.5,130.5,550.62988,3015.17958,"130.5,0.5",1031.60442,3243.89918,1582.2343,6259.07876,0,0,0,0,0,0
539,0.5,131.5,697.02128,2893.30945,"131.5,0.5",1642.43884,5164.67922,2339.46012,8057.98867,0,0,7,7,7,7
540,0.5,132.5,31.48723,81.212,"132.5,0.5",0,0,31.48723,81.212,0,0,1,1,3,3
541,0.5,133.5,30.62399,79.00144,"133.5,0.5",0,0,30.62399,79.00144,0,0,0,0,0,0
542,0.5,134.5,261.93739,1176.00438,"134.5,0.5",24.73534,77.78461,286.67273,1253.78899,0,0,13,13,13,13
543,0.5,135.5,0.12186,1.44844,"135.5,0.5",0,0,0.12186,1.44844,0,0,0,0,0,0
544,0.5,136.5,0.04982,0.58091,"136.5,0.5",0,0,0.04982,0.58091,0,0,4,7,7,7
545,0.5,137.5,0.07779,0.89852,"137.5,0.5",0,0,0.07779,0.89852,0,0,0,0,0,0
546,0.5,138.5,0.04613,0.53879,"138.5,0.5",0,0,0.04613,0.53879,0,0,0,2,2,2
547,0.5,139.5,0.03618,0.4075,"139.5,0.5",0,0,0.03618,0.4075,0,0,0,0,0,0
548,0.5,140.5,25.65116,240.3834,"140.5,0.5",0,0,25.65116,240.3834,0,0,0,0,20,20
549,0.5,141.5,48.38845,453.31582,"141.5,0.5",0,0,48.38845,453.31582,0,0,0,0,0,0
550,1.5,92.5,12.81183,132.1831,"92.5,1.5",0,0,12.81183,132.1831,0,0,0,0,0,0
551,1.5,93.5,3.75616,50.31623,"93.5,1.5",0,0,3.75616,50.31623,0,0,0,0,0,0
552,1.5,94.5,4.00486,53.65121,"94.5,1.5",0,0,4.00486,53.65121,0,0,0,0,0,0
553,1.5,95.5,6.51228,87.27678,"95.5,1.5",0,0,6.51228,87.27678,0,0,0,0,2,2
554,1.5,96.5,19.04538,213.00028,"96.5,1.5",0,0,19.04538,213.00028,0,0,0,2,4,4
555,1.5,97.5,1421.88141,6204.27352,"97.5,1.5",3595.49551,11306.48505,5017.37692,17510.75857,0,11,11,11,16,16
556,1.5,98.5,2427.35229,9080.39632,"98.5,1.5",4893.58825,15404.75226,7320.94054,24485.14858,0,0,17,18,18,18
557,1.5,100.5,131.46209,773.6499,"100.5,1.5",447.77328,1408.03135,579.23537,2181.68125,0,0,0,1,14,14
558,1.5,101.5,860.66294,2831.27128,"101.5,1.5",2919.21338,9179.51997,3779.87632,12010.79125,0,15,15,28,28,28
559,1.5,102.5,4249.60136,17522.90959,"102.5,1.5",14001.5153,54207.719,18251.11666,71730.62859,0,0,13,14,16,16
560,1.5,103.5,5080.03478,22334.51812,"103.5,1.5",15636.24651,67584.60873,20716.28129,89919.12685,0,14,14,14,20,20
561,1.5,104.5,6124.47917,30564.01198,"104.5,1.5",16928.17409,64624.89432,23052.65326,95188.9063,13,14,14,14,14,14
562,1.5,105.5,3153.39842,17809.4824,"105.5,1.5",1104.81126,3894.60519,4258.20968,21704.08759,0,0,13,13,14,14
563,1.5,106.5,2266.08461,7596.02642,"106.5,1.5",1002.19128,3151.16412,3268.27589,10747.19054,0,0,1,14,14,14
564,1.5,107.5,2130.70973,6644.85985,"107.5,1.5",3922.42516,12334.1378,6053.13489,18978.99765,0,0,0,0,13,13
565,1.5,108.5,2063.84486,6937.48958,"108.5,1.5",3964.43058,12466.22441,6028.27544,19403.71399,0,0,0,0,0,0
566,1.5,109.5,1357.797,8512.67863,"109.5,1.5",3485.81266,13236.42355,4843.60966,21749.10218,0,0,2,2,2,2
567,1.5,110.5,1447.52763,7410.67527,"110.5,1.5",7472.04682,30893.83287,8919.57445,38304.50814,0,0,0,0,0,0
568,1.5,111.5,578.66062,2891.38081,"111.5,1.5",1367.54627,6541.69522,1946.20689,9433.07603,0,0,0,0,0,0
569,1.5,117.5,701.17222,2709.60914,"117.5,1.5",1856.16452,5849.28821,2557.33674,8558.89735,0,2,6,6,6,6
570,1.5,118.5,1323.95561,5565.95383,"118.5,1.5",3700.3696,11492.89811,5024.32521,17058.85194,0,0,0,0,0,0
571,1.5,119.5,322.29916,1502.26026,"119.5,1.5",578.14032,1817.97269,900.43948,3320.23295,0,0,0,0,3,3
572,1.5,120.5,580.7575,2357.79454,"120.5,1.5",1477.44637,4645.8572,2058.20387,7003.65174,0,1,1,14,14,14
573,1.5,121.5,1150.43719,3772.76093,"121.5,1.5",4095.06626,12877.01076,5245.50345,16649.77169,0,0,0,0,3,3
574,1.5,122.5,733.52767,3097.98931,"122.5,1.5",1756.46229,5523.22775,2489.98996,8621.21706,0,0,0,3,3,3
575,1.5,123.5,363.29057,1129.32917,"123.5,1.5",332.2408,1044.73728,695.53137,2174.06645,0,0,3,3,3,3
576,1.5,124.5,832.95915,3904.47647,"124.5,1.5",3826.41869,12032.2591,4659.37784,15936.73557,3,3,3,3,3,3
577,1.5,125.5,753.92829,2754.89393,"125.5,1.5",4036.48181,12692.79124,4790.4101,15447.68517,0,3,3,3,3,3
578,1.5,126.5,351.68744,1453.00773,"126.5,1.5",426.91228,1342.43353,778.59972,2795.44126,0,0,3,3,3,3
579,1.5,127.5,1109.74408,4665.91659,"127.5,1.5",3566.78161,11215.82641,4676.52569,15881.743,0,0,0,3,3,3
580,1.5,128.5,1294.42032,5758.89613,"128.5,1.5",6087.13275,19141.09982,7381.55307,24899.99595,0,0,0,0,3,3
581,1.5,129.5,0.11187,1.32471,"129.5,1.5",0,0,0.11187,1.32471,0,0,0,0,0,0
582,1.5,130.5,0.07253,0.87536,"130.5,1.5",0,0,0.07253,0.87536,0,0,0,0,0,0
583,1.5,131.5,368.6548,1246.08337,"131.5,1.5",974.54077,3064.46121,1343.19557,4310.54458,0,0,0,7,7,7
584,1.5,132.5,4.29752,40.42485,"132.5,1.5",0,0,4.29752,40.42485,0,0,0,1,1,1
585,1.5,133.5,1.68583,15.87305,"133.5,1.5",0,0,1.68583,15.87305,0,0,0,0,0,0
586,1.5,134.5,0.04494,0.53027,"134.5,1.5",0,0,0.04494,0.53027,0,0,0,13,13,13
587,1.5,135.5,0.06519,0.78981,"135.5,1.5",0,0,0.06519,0.78981,0,0,0,0,0,0
588,1.5,136.5,0.06009,0.71266,"136.5,1.5",0,0,0.06009,0.71266,0,0,0,4,7,7
589,1.5,137.5,0.05282,0.62152,"137.5,1.5",0,0,0.05282,0.62152,0,0,0,0,0,0
590,1.5,138.5,15.39886,189.11724,"138.5,1.5",0,0,15.39886,189.11724,0,0,0,0,1,1
591,1.5,139.5,22.46172,261.57329,"139.5,1.5",0,0,22.46172,261.57329,0,0,0,0,0,0
592,1.5,140.5,64.43922,721.46606,"140.5,1.5",0,0,64.43922,721.46606,0,0,0,0,0,0
593,2.5,92.5,12.79602,147.53282,"92.5,2.5",0,0,12.79602,147.53282,0,0,0,0,0,0
594,2.5,93.5,8.76344,117.48972,"93.5,2.5",0,0,8.76344,117.48972,0,0,0,0,0,0
595,2.5,94.5,5.64678,73.32474,"94.5,2.5",0,0,5.64678,73.32474,0,0,0,0,11,11
596,2.5,95.5,369.09921,2282.15812,"95.5,2.5",1350.20229,4245.50822,1719.3015,6527.66634,0,0,0,14,28,28
597,2.5,96.5,1512.2431,6972.98198,"96.5,2.5",3547.19078,11154.0398,5059.43388,18127.02178,0,8,13,18,18,18
598,2.5,97.5,1498.1264,6730.25613,"97.5,2.5",6555.26914,20637.29301,8053.39554,27367.54914,11,11,14,19,19,19
599,2.5,98.5,706.15036,2751.00137,"98.5,2.5",1556.35958,4894.00121,2262.50994,7645.00258,0,31,32,32,32,32
600,2.5,99.5,361.92256,1881.59731,"99.5,2.5",569.0955,1789.53116,931.01806,3671.12847,3,3,15,15,15,15
601,2.5,100.5,3158.97564,13883.97988,"100.5,2.5",6316.76711,20754.56097,9475.74275,34638.54085,0,0,3,14,15,15
602,2.5,101.5,4462.61855,18409.47453,"101.5,2.5",11749.98827,45183.4077,16212.60682,63592.88223,0,0,15,18,29,29
603,2.5,102.5,1802.46339,8258.59432,"102.5,2.5",5031.58581,21430.12627,6834.0492,29688.72059,0,0,0,0,3,3
604,2.5,104.5,3316.1658,17271.15561,"104.5,2.5",13353.02758,52895.2491,16669.19338,70166.40471,0,0,14,14,14,14
605,2.5,105.5,3089.75711,11009.32526,"105.5,2.5",3025.71058,9928.15608,6115.46769,20937.48134,0,0,0,0,0,0
606,2.5,106.5,1388.81111,6626.20003,"106.5,2.5",934.58946,2938.51249,2323.40057,9564.71252,0,1,1,1,1,1
607,2.5,107.5,1473.66977,5738.32902,"107.5,2.5",773.91467,2433.21653,2247.58444,8171.54555,0,0,0,0,0,0
608,2.5,108.5,2262.4543,7060.42288,"108.5,2.5",2972.61056,9345.56842,5235.06486,16405.9913,0,0,0,0,0,0
609,2.5,109.5,3262.7833,13943.61159,"109.5,2.5",3773.71261,13590.16399,7036.49591,27533.77558,0,0,0,2,2,2
610,2.5,117.5,1017.11987,3416.66973,"117.5,2.5",2705.053,8506.08876,3722.17287,11922.75849,3,3,4,6,6,6
611,2.5,118.5,941.47071,3928.34291,"118.5,2.5",2953.2228,9287.0462,3894.69351,13215.38911,0,3,3,3,3,3
612,2.5,119.5,0.05807,0.69425,"119.5,2.5",0,0,0.05807,0.69425,0,0,3,3,3,3
613,2.5,120.5,0.05442,0.62757,"120.5,2.5",0,0,0.05442,0.62757,0,0,1,1,9,9
614,2.5,121.5,0.06001,0.71223,"121.5,2.5",0,0,0.06001,0.71223,0,0,0,0,0,0
615,2.5,122.5,0.02826,0.33522,"122.5,2.5",0,0,0.02826,0.33522,0,0,0,0,0,0
616,2.5,123.5,0.06236,0.72226,"123.5,2.5",0,0,0.06236,0.72226,0,0,0,0,0,0
617,2.5,124.5,0.14709,1.68457,"124.5,2.5",0,0,0.14709,1.68457,0,3,3,3,3,3
618,2.5,125.5,1098.5195,4929.80756,"125.5,2.5",1894.20515,5948.74894,2992.72465,10878.5565,0,0,0,0,0,0
619,2.5,126.5,0.10303,1.27549,"126.5,2.5",0,0,0.10303,1.27549,0,0,0,0,0,0
620,2.5,127.5,568.24392,1707.49429,"127.5,2.5",1125.48428,3539.10586,1693.7282,5246.60015,0,0,0,0,0,0
621,2.5,128.5,1853.25809,7188.98972,"128.5,2.5",5967.02179,18763.40873,7820.27988,25952.39845,0,0,0,0,0,0
622,2.5,129.5,2.11304,19.93097,"129.5,2.5",0,0,2.11304,19.93097,0,0,0,0,0,0
623,2.5,130.5,8.55142,80.20853,"130.5,2.5",0,0,8.55142,80.20853,0,0,0,0,0,0
624,2.5,131.5,26.77245,250.8293,"131.5,2.5",0.25709,1.14607,27.02954,251.97537,0,0,0,0,7,7
625,2.5,132.5,8.9648,83.99171,"132.5,2.5",0,0,8.9648,83.99171,0,0,0,0,0,0
626,2.5,133.5,6.62086,62.11147,"133.5,2.5",0,0,6.62086,62.11147,0,0,0,0,0,0
627,2.5,134.5,0.05867,0.68857,"134.5,2.5",0,0,0.05867,0.68857,0,0,0,0,13,13
628,2.5,135.5,0.05206,0.62472,"135.5,2.5",0,0,0.05206,0.62472,0,0,0,0,0,0
629,2.5,136.5,10.52081,126.50837,"136.5,2.5",0,0,10.52081,126.50837,0,0,0,0,4,4
630,2.5,137.5,50.30815,591.46611,"137.5,2.5",0,0,50.30815,591.46611,0,0,0,0,0,0
631,3.5,92.5,12.27382,150.70767,"92.5,3.5",0,0,12.27382,150.70767,0,0,0,0,0,0
632,3.5,93.5,10.71989,143.70222,"93.5,3.5",0,0,10.71989,143.70222,0,0,0,0,0,0
633,3.5,94.5,10.95525,133.06196,"94.5,3.5",0,0,10.95525,133.06196,0,0,0,0,0,0
634,3.5,95.5,676.64865,3711.47882,"95.5,3.5",253.08831,795.86998,929.73696,4507.3488,0,0,12,14,31,31
635,3.5,96.5,904.11937,4335.22884,"96.5,3.5",2337.86017,7351.45792,3241.97954,11686.68676,0,2,20,21,21,21
636,3.5,97.5,903.61463,3941.22818,"97.5,3.5",4506.94996,14176.70185,5410.56459,18117.93003,0,27,33,33,33,33
637,3.5,98.5,479.51584,1930.44022,"98.5,3.5",1685.45578,5299.94967,2164.97162,7230.38989,17,18,18,18,18,18
638,3.5,99.5,2292.54736,10363.08319,"99.5,3.5",6923.4881,24134.58461,9216.03546,34497.6678,0,20,20,21,21,21
639,3.5,100.5,4097.98686,18836.1012,"100.5,3.5",8315.82293,33866.8065,12413.80979,52702.9077,0,0,17,17,17,17
640,3.5,101.5,972.90359,5433.20863,"101.5,3.5",2702.06983,12281.66949,3674.97342,17714.87812,0,0,0,30,32,32
641,3.5,104.5,3292.89221,17167.12132,"104.5,3.5",4051.92241,18395.53158,7344.81462,35562.6529,0,0,1,15,15,15
642,3.5,105.5,1443.73901,5182.69164,"105.5,3.5",1014.02423,3188.61758,2457.76324,8371.30922,0,1,1,1,1,1
643,3.5,106.5,1418.34022,6615.71356,"106.5,3.5",2860.29232,9081.8506,4278.63254,15697.56416,1,1,1,1,1,1
644,3.5,107.5,1812.09897,6654.21332,"107.5,3.5",2460.23341,7753.64559,4272.33238,14407.85891,0,1,1,1,1,1
645,3.5,108.5,1530.74793,6081.54698,"108.5,3.5",3154.33502,9918.87318,4685.08295,16000.42016,0,0,0,1,1,1
646,3.5,109.5,3526.26137,15778.73841,"109.5,3.5",692.73461,2264.4695,4218.99598,18043.20791,0,0,0,0,3,3
647,3.5,117.5,1705.89203,6609.65944,"117.5,3.5",5396.07311,17000.70481,7101.96514,23610.36425,0,2,3,4,4,4
648,3.5,118.5,1247.53725,5823.97867,"118.5,3.5",640.10516,2443.38186,1887.64241,8267.36053,0,0,0,0,0,0
649,3.5,119.5,25.9635,249.81752,"119.5,3.5",0,0,25.9635,249.81752,0,0,0,0,0,0
650,3.5,120.5,38.73721,374.03456,"120.5,3.5",0,0,38.73721,374.03456,0,0,0,0,1,1
651,3.5,121.5,22.83222,220.52268,"121.5,3.5",0,0,22.83222,220.52268,0,0,0,0,0,0
652,3.5,122.5,15.773,152.3205,"122.5,3.5",0,0,15.773,152.3205,0,0,0,0,0,0
653,3.5,123.5,0.06103,0.73153,"123.5,3.5",0,0,0.06103,0.73153,0,0,0,0,0,0
654,3.5,124.5,0.06605,0.78762,"124.5,3.5",0,0,0.06605,0.78762,0,0,2,3,3,3
655,3.5,125.5,1356.38593,5320.91005,"125.5,3.5",3390.83963,10662.5574,4747.22556,15983.46745,0,0,0,0,0,0
656,3.5,126.5,413.3163,1803.57357,"126.5,3.5",1341.75421,4219.17068,1755.07051,6022.74425,0,0,0,0,0,0
657,3.5,127.5,19.47927,191.82041,"127.5,3.5",0.10857,0.3414,19.58784,192.16181,0,0,0,0,0,0
658,3.5,128.5,7.40088,73.53831,"128.5,3.5",0,0,7.40088,73.53831,0,0,0,0,0,0
659,3.5,129.5,5.15449,48.49242,"129.5,3.5",0,0,5.15449,48.49242,0,0,0,0,0,0
660,3.5,130.5,8.53551,79.95649,"130.5,3.5",0,0,8.53551,79.95649,0,0,0,0,0,0
661,3.5,131.5,31.75622,297.47296,"131.5,3.5",0.06373,0.28292,31.81995,297.75588,0,0,0,0,0,0
662,3.5,132.5,8.87052,83.09502,"132.5,3.5",0,0,8.87052,83.09502,0,0,0,0,0,0
663,3.5,133.5,8.01214,75.05347,"133.5,3.5",0,0,8.01214,75.05347,0,0,0,0,0,0
664,3.5,134.5,8.33944,78.16795,"134.5,3.5",0,0,8.33944,78.16795,0,0,0,0,0,0
665,3.5,135.5,3.54624,33.28257,"135.5,3.5",0,0,3.54624,33.28257,0,0,0,0,0,0
666,4.5,91.5,14.83636,152.02551,"91.5,4.5",0,0,14.83636,152.02551,0,0,0,0,0,0
667,4.5,92.5,15.10562,173.88513,"92.5,4.5",0,0,15.10562,173.88513,0,0,0,0,2,2
668,4.5,93.5,34.12707,300.66388,"93.5,4.5",0,0,34.12707,300.66388,0,0,0,2,2,2
669,4.5,94.5,47.47529,494.30947,"94.5,4.5",0.09953,0.31296,47.57482,494.62243,0,0,2,3,5,5
670,4.5,95.5,1754.59299,7719.23311,"95.5,4.5",4823.99846,15071.9306,6578.59145,22791.16371,0,14,17,19,19,19
671,4.5,96.5,616.30351,2411.3518,"96.5,4.5",1119.01779,3518.77198,1735.3213,5930.12378,2,6,7,7,7,7
672,4.5,97.5,399.20022,1799.43802,"97.5,4.5",1165.50511,3664.95199,1564.70533,5464.39001,2,6,11,19,19,19
673,4.5,98.5,4173.16426,14166.08182,"98.5,4.5",6215.88729,20612.8122,10389.05155,34778.89402,1,20,20,22,22,22
674,4.5,99.5,3726.40156,18333.19677,"99.5,4.5",8971.99261,39003.83515,12698.39417,57337.03192,0,0,6,6,9,9
675,4.5,100.5,2323.95129,10942.40819,"100.5,4.5",6152.63745,27224.38495,8476.58874,38166.79314,0,0,0,2,3,3
676,4.5,104.5,3405.85365,18386.98939,"104.5,4.5",1180.51036,4758.25242,4586.36401,23145.24181,0,0,0,0,14,14
677,4.5,105.5,2477.0778100000002,12474.33388,"105.5,4.5",129.51838,449.17729,2606.59619,12923.51117,0,0,0,0,0,0
678,4.5,106.5,1069.93275,4861.17946,"106.5,4.5",221.55839,696.77483,1291.49114,5557.95429,0,1,1,1,1,1
679,4.5,107.5,2187.26016,6843.80735,"107.5,4.5",2416.58227,7598.98722,4603.84243,14442.79457,0,0,0,0,0,0
680,4.5,108.5,2611.71867,13584.4559,"108.5,4.5",2166.93671,6832.98948,4778.65538,20417.44538,0,0,0,0,0,0
681,4.5,109.5,2326.70773,15918.02201,"109.5,4.5",169.69111,593.9416,2496.39884,16511.96361,0,0,0,0,0,0
682,4.5,118.5,3485.59266,18935.00172,"118.5,4.5",10543.56656,42991.84607,14029.15922,61926.84779,0,0,0,0,0,0
683,4.5,119.5,3444.62463,12597.08818,"119.5,4.5",3570.97452,13383.98258,7015.59915,25981.07076,0,0,0,0,0,0
684,4.5,120.5,799.13847,2486.31616,"120.5,4.5",159.36918,475.07216,958.50765,2961.38832,0,0,0,0,0,0
685,4.5,121.5,28.36076,273.62734,"121.5,4.5",0,0,28.36076,273.62734,0,0,0,0,0,0
686,4.5,122.5,28.08411,271.0531,"122.5,4.5",0.1634,1.05175,28.24751,272.10485,0,0,0,0,0,0
687,4.5,123.5,27.31756,263.93753,"123.5,4.5",0,0,27.31756,263.93753,0,0,0,0,0,0
688,4.5,124.5,9.27968,89.56617,"124.5,4.5",0,0,9.27968,89.56617,0,0,0,0,3,3
689,4.5,125.5,1305.2521,5603.10908,"125.5,4.5",2997.74773,9426.47234,4302.99983,15029.58142,0,0,0,0,0,0
690,4.5,126.5,686.43524,2609.02483,"126.5,4.5",2025.62067,6382.21768,2712.05591,8991.24251,0,0,0,0,0,0
691,4.5,127.5,156.7419,810.14895,"127.5,4.5",446.107,1402.79151,602.8489,2212.94046,0,0,0,0,0,0
692,4.5,128.5,0.08922,1.07637,"128.5,4.5",0,0,0.08922,1.07637,0,0,0,0,0,0
693,4.5,129.5,4.13837,38.9545,"129.5,4.5",0,0,4.13837,38.9545,0,0,0,0,0,0
694,4.5,130.5,7.5892,71.09201,"130.5,4.5",0,0,7.5892,71.09201,0,0,0,0,0,0
695,4.5,131.5,21.13601,197.99151,"131.5,4.5",8.4e-4,0.00374,21.13685,197.99525,0,0,0,0,0,0
696,4.5,132.5,35.32387,330.8925,"132.5,4.5",2.8036,12.4433,38.12747,343.3358,0,0,0,0,0,0
697,5.5,91.5,5.67091,43.99067,"91.5,5.5",0,0,5.67091,43.99067,0,0,0,0,11,11
698,5.5,92.5,5.54976,38.40487,"92.5,5.5",0,0,5.54976,38.40487,0,0,0,11,14,14
699,5.5,93.5,105.63824,831.31922,"93.5,5.5",0,0,105.63824,831.31922,0,0,11,14,19,19
700,5.5,94.5,445.30685,2539.40511,"94.5,5.5",246.05993,773.74235,691.36678,3313.14746,0,11,14,20,20,20
701,5.5,95.5,1299.49136,6358.12459,"95.5,5.5",5780.61158,18177.26843,7080.10294,24535.39302,14,14,20,20,20,20
702,5.5,96.5,1651.49871,4900.57836,"96.5,5.5",2796.09963,8797.66369,4447.59834,13698.24205,2,21,22,22,22,22
703,5.5,97.5,1496.01833,7065.36535,"97.5,5.5",4711.6038,14815.75506,6207.62213,21881.12041,4,7,10,23,32,32
704,5.5,98.5,3461.35869,18019.0124,"98.5,5.5",2039.35863,8096.96725,5500.71732,26115.97965,0,3,24,27,38,38
705,5.5,99.5,3159.00822,14208.32086,"99.5,5.5",3534.36094,15979.85059,6693.36916,30188.17145,0,0,1,8,12,12
706,5.5,104.5,2371.52365,14205.56948,"104.5,5.5",462.44538,2043.76019,2833.96903,16249.32967,0,0,0,0,0,0
707,5.5,105.5,4346.80963,22507.71741,"105.5,5.5",37.93853,160.64923,4384.74816,22668.36664,0,0,0,0,0,0
708,5.5,106.5,1508.98907,6652.38016,"106.5,5.5",79.34158,249.49118000000001,1588.33065,6901.87134,0,0,0,1,1,1
709,5.5,107.5,1559.26351,6453.261,"107.5,5.5",471.501,1482.85453,2030.76451,7936.11553,0,0,0,0,0,0
710,5.5,108.5,1349.10025,6915.33918,"108.5,5.5",328.33923,1039.59616,1677.43948,7954.93534,0,0,0,0,0,0
711,5.5,109.5,2355.9777,12618.21102,"109.5,5.5",67.13661,245.43591,2423.11431,12863.64693,0,0,0,0,0,0
712,5.5,125.5,4418.79936,15593.80576,"125.5,5.5",5251.15778,16010.95599,9669.95714,31604.76175,0,0,0,0,0,0
713,5.5,126.5,266.54085,1291.31924,"126.5,5.5",128.99823,405.63724,395.53908,1696.95648,0,0,0,0,0,0
714,5.5,127.5,0.14322,1.72195,"127.5,5.5",0,0,0.14322,1.72195,0,0,0,0,0,0
715,5.5,128.5,0.06508,0.79482,"128.5,5.5",0,0,0.06508,0.79482,0,0,0,0,0,0
716,5.5,129.5,4.40069,41.42892,"129.5,5.5",0,0,4.40069,41.42892,0,0,0,0,0,0
717,5.5,130.5,8.91499,83.51091,"130.5,5.5",0,0,8.91499,83.51091,0,0,0,0,0,0
718,6.5,91.5,5.11195,43.60363,"91.5,6.5",0,0,5.11195,43.60363,0,0,0,0,0,0
719,6.5,92.5,4.725,39.32466,"92.5,6.5",0,0,4.725,39.32466,0,0,0,0,0,0
720,6.5,93.5,1282.36757,6265.17048,"93.5,6.5",3447.67341,8991.67142,4730.04098,15256.8419,0,0,0,0,0,0
721,6.5,94.5,204.79741,1483.29476,"94.5,6.5",6.5055,17.48271,211.30291,1500.77747,0,0,0,0,0,0
722,6.5,95.5,37.90106,408.51129,"95.5,6.5",0,0,37.90106,408.51129,0,14,14,14,14,14
723,6.5,96.5,10.20707,133.64321,"96.5,6.5",0,0,10.20707,133.64321,0,0,2,4,4,4
724,6.5,97.5,442.21461,2225.54202,"97.5,6.5",60.62253,206.28182,502.83714,2431.82384,0,2,5,5,7,7
725,6.5,98.5,1331.07508,6558.8954,"98.5,6.5",461.89747,1850.45219,1792.97255,8409.34759,0,0,0,18,18,18
726,6.5,103.5,3222.72366,16318.54407,"103.5,6.5",2132.89232,9723.11306,5355.61598,26041.65713,0,0,0,0,0,0
727,6.5,104.5,3400.6226,17709.98043,"104.5,6.5",466.40173,1875.27348,3867.02433,19585.25391,0,0,0,0,0,0
728,6.5,105.5,2481.90582,12136.02367,"105.5,6.5",79.55091,245.97715,2561.45673,12382.00082,0,0,0,0,0,0
729,6.5,106.5,1403.58178,6067.40834,"106.5,6.5",43.21848,129.50674,1446.80026,6196.91508,0,0,0,0,1,1
730,6.5,107.5,1840.38738,6932.75955,"107.5,6.5",35.64828,110.67846,1876.03566,7043.43801,0,0,0,0,0,0
731,6.5,108.5,973.41071,6505.64791,"108.5,6.5",20.16495,65.55605,993.57566,6571.20396,0,0,0,0,0,0
732,6.5,109.5,1685.79475,13120.26211,"109.5,6.5",5.96873,18.26389,1691.76348,13138.526,0,0,0,0,0,0
733,7.5,91.5,36.66098,147.8852,"91.5,7.5",0,0,36.66098,147.8852,0,0,0,0,0,0
734,7.5,92.5,23.29651,212.08929,"92.5,7.5",0,0,23.29651,212.08929,0,0,0,0,0,0
735,7.5,93.5,5318.63047,13996.92378,"93.5,7.5",6955.12047,17593.15065,12273.75094,31590.07443,0,0,0,0,0,0
736,7.5,94.5,1015.26566,4204.26597,"94.5,7.5",17.02451,42.15448,1032.29017,4246.42045,0,0,0,0,0,0
737,7.5,95.5,78.49971,518.1664,"95.5,7.5",0,0,78.49971,518.1664,0,0,12,14,14,14
738,7.5,96.5,9.19428,98.52586,"96.5,7.5",0,0,9.19428,98.52586,0,0,0,2,4,4
739,7.5,97.5,220.13316,690.98503,"97.5,7.5",74.40916,271.04668,294.54232,962.03171,0,0,0,5,5,5
740,7.5,105.5,107.82281,1183.57687,"105.5,7.5",454.91209,1344.43319,562.7349,2528.01006,0,0,0,0,0,0
741,7.5,106.5,112.0131,1227.64732,"106.5,7.5",1633.86054,4828.94505,1745.87364,6056.59237,0,0,0,0,0,0
742,7.5,107.5,120.31928,1320.29516,"107.5,7.5",120.44013,356.00318,240.75941,1676.29834,0,0,0,0,0,0
743,7.5,108.5,885.44928,4067.74247,"108.5,7.5",15.94586,47.82469,901.39514,4115.56716,0,0,0,0,0,0
744,7.5,109.5,1333.66777,13114.43755,"109.5,7.5",0.38285,1.20845,1334.05062,13115.646,0,0,0,0,0,0
745,7.5,110.5,100.23456,1251.76988,"110.5,7.5",0,0,100.23456,1251.76988,0,0,0,0,0,0
746,8.5,92.5,826.3363,2804.69536,"92.5,8.5",480.18144,1262.72868,1306.51774,4067.42404,0,0,0,0,0,0
747,8.5,93.5,3911.25647,16677.19458,"93.5,8.5",12366.16536,31957.14882,16277.42183,48634.3434,0,0,0,0,0,0
748,8.5,94.5,9.86119,80.90838,"94.5,8.5",0,0,9.86119,80.90838,0,0,0,0,0,0
749,8.5,95.5,44.97805,384.22028,"95.5,8.5",0,0,44.97805,384.22028,0,0,0,11,14,14
750,8.5,96.5,14.87624,115.69455,"96.5,8.5",0,0,14.87624,115.69455,0,0,0,0,2,2
751,8.5,97.5,660.75383,2700.68619,"97.5,8.5",4099.66695,14933.85515,4760.42078,17634.54134,0,0,0,0,5,5
752,8.5,107.5,114.209,1250.83098,"107.5,8.5",3260.92016,9637.78832,3375.12916,10888.6193,0,0,0,0,0,0
753,8.5,108.5,107.60162,1179.50032,"108.5,8.5",238.26477,704.20142,345.86639,1883.70174,0,0,0,0,0,0
754,9.5,93.5,64.91251,461.55478,"93.5,9.5",0,0,64.91251,461.55478,0,0,0,0,0,0
755,9.5,94.5,23.88363,120.89889,"94.5,9.5",0,0,23.88363,120.89889,0,0,0,0,0,0
756,9.5,95.5,7.314,53.64478,"95.5,9.5",0,0,7.314,53.64478,0,0,0,0,2,2
757,9.5,96.5,336.21837,3067.14234,"96.5,9.5",0.04219,0.15366,336.26056,3067.296,0,0,0,0,0,0
